date,avg_ticket_price,min_ticket_price,max_ticket_price,std_ticket_price,jet_a1_price_twd_per_liter,spot_buy_twd,month,season,fuel_price_change_pct,exchange_rate_change_pct,ticket_price_change_pct
2023-06-30,7451.0,5032,10528,1418.38,23.14,32.12,6,summer,,,
2023-07-01,8215.96,5657,11451,1687.14,22.56,30.94,7,summer,-2.5064822817631893,-3.673723536737228,10.266541403838403
2023-07-02,8090.24,5880,12132,1736.68,22.84,31.58,7,summer,1.2411347517730542,2.0685197155785318,-1.5301924546857526
2023-07-03,7399.64,5098,10436,1667.35,22.83,31.66,7,summer,-0.04378283712784814,0.2533248891703588,-8.536211533897632
2023-07-04,7449.72,5066,10943,1558.09,23.38,31.42,7,summer,2.409110819097693,-0.7580543272267759,0.6767896816601837
2023-07-05,7460.52,5378,10586,1540.32,23.35,30.78,7,summer,-0.1283147989734723,-2.0369191597708447,0.14497189156101875
2023-07-06,7350.52,5103,10055,1468.61,23.6,31.19,7,summer,1.0706638115631772,1.3320337881741473,-1.474428055953203
2023-07-07,7187.24,5329,10032,1527.15,22.83,31.16,7,summer,-3.2627118644067976,-0.09618467457518376,-2.221339442651682
2023-07-08,8226.68,5756,10790,1428.11,23.2,31.69,7,summer,1.620674551029344,1.7008985879332528,14.46229707092015
2023-07-09,8084.24,6009,12114,1669.51,22.84,31.99,7,summer,-1.551724137931032,0.9466708740927698,-1.7314396573101187
2023-07-10,7455.88,5271,9972,1420.76,23.06,31.14,7,summer,0.9632224168126147,-2.6570803376054997,-7.7726539538657935
2023-07-11,7355.16,5287,10787,1529.16,23.39,31.72,7,summer,1.431049436253251,1.8625561978163008,-1.3508801107314006
2023-07-12,7382.92,5107,10983,1444.39,22.94,31.07,7,summer,-1.9238991021804153,-2.049180327868849,0.3774221091043639
2023-07-13,7357.16,5000,10226,1401.17,23.15,32.12,7,summer,0.9154315605928387,3.3794657225619584,-0.3489134380434855
2023-07-14,7582.4,5200,11032,1562.45,23.63,31.9,7,summer,2.0734341252699906,-0.6849315068493067,3.0615074294972455
2023-07-15,8252.64,5740,11481,1908.08,23.56,31.48,7,summer,-0.2962336013542122,-1.3166144200626895,8.8394175986495
2023-07-16,7877.0,5454,10417,1384.62,23.27,31.32,7,summer,-1.2308998302207108,-0.5082592121982255,-4.55175555943309
2023-07-17,7170.76,5000,10187,1336.52,23.67,31.09,7,summer,1.7189514396218408,-0.7343550446998748,-8.965849942871651
2023-07-18,7326.96,5404,10511,1559.34,23.92,31.11,7,summer,1.056189269117036,0.06432936635574205,2.1782907251114203
2023-07-19,7357.64,5429,10042,1331.88,23.15,32.14,7,summer,-3.2190635451505134,3.3108325297332097,0.41872754866958406
2023-07-20,7230.88,5000,9435,1281.09,23.98,31.23,7,summer,3.5853131749460143,-2.83136278780336,-1.722835039496362
2023-07-21,7430.6,5265,10892,1377.32,23.91,31.4,7,summer,-0.29190992493745016,0.5443483829650875,2.76204279423804
2023-07-22,8128.08,6236,10688,1512.26,23.58,32.16,7,summer,-1.3801756587202063,2.420382165605095,9.38659058487874
2023-07-23,8310.44,5453,12143,1748.6,23.43,31.62,7,summer,-0.6361323155216203,-1.6791044776119257,2.2435802797216686
2023-07-24,7361.28,5148,10852,1601.68,24.26,31.44,7,summer,3.5424669227486216,-0.5692599620493399,-11.421296585981011
2023-07-25,7488.12,5000,10882,1673.99,23.67,31.23,7,summer,-2.4319868095630692,-0.667938931297718,1.7230699008867978
2023-07-26,7254.16,5131,10780,1555.37,23.46,30.86,7,summer,-0.8871989860583018,-1.1847582452769845,-3.1244157412007256
2023-07-27,7278.12,5000,9745,1426.78,23.49,31.14,7,summer,0.12787723785165905,0.9073233959818516,0.3302932386382462
2023-07-28,7429.48,5373,9924,1631.3,24.27,31.76,7,summer,3.3205619412516096,1.9910083493898556,2.0796579336421983
2023-07-29,8292.2,5669,11099,1582.06,24.06,31.55,7,summer,-0.8652657601977753,-0.6612090680100824,11.612118210157396
2023-07-30,7599.28,5932,10269,1227.99,24.29,31.76,7,summer,0.9559434746467144,0.665610142630757,-8.356286630809684
2023-07-31,7264.6,5029,9985,1569.6,24.25,30.87,7,summer,-0.16467682173734177,-2.802267002518888,-4.404101441189157
2023-08-01,7396.4,5585,9819,1228.45,24.08,31.42,8,summer,-0.7010309278350557,1.7816650469711703,1.8142774550560237
2023-08-02,7561.52,5536,10433,1423.08,24.55,32.02,8,summer,1.9518272425249172,1.9096117122851641,2.232437401979359
2023-08-03,7406.12,5318,9844,1431.22,23.98,31.23,8,summer,-2.321792260692468,-2.467207995003129,-2.055142352331285
2023-08-04,7246.2,5429,10167,1584.11,24.18,31.65,8,summer,0.8340283569641338,1.3448607108549337,-2.1592952855206238
2023-08-05,7911.8,5761,11209,1612.59,24.48,30.72,8,summer,1.2406947890818865,-2.938388625592414,9.185504126300682
2023-08-06,7983.52,5951,10242,1417.68,24.3,32.08,8,summer,-0.7352941176470562,4.427083333333326,0.9064940974240931
2023-08-07,7293.96,5117,10936,1568.08,24.57,31.49,8,summer,1.1111111111111072,-1.8391521197007488,-8.637292823215825
2023-08-08,7410.08,5000,10231,1585.81,24.31,30.9,8,summer,-1.0582010582010692,-1.8736106700539823,1.5920021497238812
2023-08-09,7325.32,5000,9636,1334.04,24.46,30.77,8,summer,0.6170300287947406,-0.4207119741100329,-1.1438472998941962
2023-08-10,7500.6,5730,10022,1262.86,23.83,31.39,8,summer,-2.5756336876533226,2.0149496262593436,2.3927964921669043
2023-08-11,7280.52,5211,10546,1583.7,24.04,31.39,8,summer,0.8812421317666796,0.0,-2.9341652667786544
2023-08-12,7970.84,5699,11839,1713.68,24.12,30.65,8,summer,0.33277870216306127,-2.357438674737189,9.481740315252196
2023-08-13,7969.6,5580,11767,1748.75,23.94,32.09,8,summer,-0.7462686567164201,4.698205546492673,-0.015556704186758807
2023-08-14,7363.28,5000,9750,1473.93,24.11,31.96,8,summer,0.7101086048454386,-0.4051106263633586,-7.607910058221245
2023-08-15,7519.4,5337,10639,1625.53,24.0,31.23,8,summer,-0.45624222314392116,-2.2841051314142713,2.120250757814457
2023-08-16,7289.32,5388,10487,1465.09,24.2,30.68,8,summer,0.8333333333333304,-1.7611271213576751,-3.05981860254807
2023-08-17,7382.4,5395,10415,1577.93,24.58,31.82,8,summer,1.5702479338842945,3.715775749674055,1.2769366689896922
2023-08-18,7149.36,5144,9625,1109.79,24.33,31.28,8,summer,-1.0170870626525663,-1.6970458830923962,-3.156697009102727
2023-08-19,8023.76,6341,10882,1505.79,24.36,31.62,8,summer,0.12330456226881115,1.0869565217391353,12.230465384314137
2023-08-20,8048.16,5773,11989,1553.99,24.22,31.29,8,summer,-0.5747126436781658,-1.0436432637571214,0.304096832407752
2023-08-21,7415.36,5025,10937,1671.97,24.3,30.91,8,summer,0.3303055326176807,-1.2144455097475193,-7.862666746187951
2023-08-22,7117.68,5025,10540,1394.06,24.99,31.8,8,summer,2.839506172839501,2.8793270786153347,-4.014370172183135
2023-08-23,7320.24,5000,10532,1477.49,24.72,32.03,8,summer,-1.0804321728691502,0.7232704402515777,2.8458711265468395
2023-08-24,7064.28,5121,8966,1162.56,24.69,30.85,8,summer,-0.12135922330096527,-3.684046206681235,-3.496606668633817
2023-08-25,7417.36,5604,9598,1161.51,24.27,31.34,8,summer,-1.7010935601458166,1.588330632090762,4.998103132944909
2023-08-26,8391.04,6206,11131,1727.33,24.85,31.07,8,summer,2.3897816234033753,-0.8615188257817485,13.127042505689367
2023-08-27,8195.24,5634,11887,1858.52,24.3,31.93,8,summer,-2.213279678068414,2.767943353717417,-2.333441385096502
2023-08-28,7427.8,5578,10427,1247.34,24.53,31.26,8,summer,0.9465020576131744,-2.0983401190103335,-9.364460345273596
2023-08-29,7435.64,5042,10710,1622.65,25.16,31.85,8,summer,2.568283734203014,1.8873960332693507,0.10554942244003218
2023-08-30,7252.68,5033,10596,1314.84,24.82,31.82,8,summer,-1.3513513513513487,-0.09419152276295417,-2.460581738760892
2023-08-31,7190.24,5442,10262,1527.76,24.75,30.88,8,summer,-0.28203062046736616,-2.9541169076052864,-0.8609231346205837
2023-09-01,10191.52,7264,15396,2037.79,24.89,31.7,9,autumn,0.5656565656565693,2.6554404145077815,41.741026725116285
2023-09-02,11953.76,8792,17014,2200.37,25.07,31.09,9,autumn,0.7231820008035239,-1.9242902208201906,17.291238205880965
2023-09-03,11900.64,7705,15953,2368.1,25.01,31.92,9,autumn,-0.23932987634622815,2.669668703763284,-0.4443790071073983
2023-09-04,10385.6,8244,14263,1840.15,24.48,31.24,9,autumn,-2.1191523390643785,-2.130325814536349,-12.730743892765428
2023-09-05,10764.8,7493,14403,2243.57,24.29,31.73,9,autumn,-0.7761437908496815,1.5685019206145956,3.6512093668155776
2023-09-06,10472.32,7504,15139,1998.38,24.58,30.87,9,autumn,1.193906957595714,-2.710368736211788,-2.7170035671819193
2023-09-07,10570.12,7706,14960,1939.12,24.55,30.89,9,autumn,-0.12205044751829597,0.06478781988985549,0.9338904846299734
2023-09-08,10542.84,8220,14503,1946.79,24.5,31.35,9,autumn,-0.20366598778004397,1.4891550663645114,-0.2580860009157915
2023-09-09,11890.12,8216,15583,2346.28,25.24,32.0,9,autumn,3.020408163265298,2.0733652312599604,12.779099369809277
2023-09-10,11611.4,8418,15612,2245.26,25.18,31.19,9,autumn,-0.23771790808240212,-2.531249999999996,-2.3441310937147963
2023-09-11,10640.8,7539,15483,2408.67,24.62,30.64,9,autumn,-2.223987291501184,-1.7633857005450504,-8.359026473982468
2023-09-12,10360.16,7429,13650,2006.49,24.97,31.26,9,autumn,1.421608448415923,2.0234986945169675,-2.6373956845349933
2023-09-13,10668.2,7298,15655,2338.21,24.72,30.94,9,autumn,-1.0012014417300708,-1.0236724248240625,2.9733131534648294
2023-09-14,10501.24,7579,14608,2011.52,25.24,31.27,9,autumn,2.1035598705501535,1.0665804783451804,-1.5650250276522892
2023-09-15,10214.4,7344,15593,2353.69,24.79,31.25,9,autumn,-1.7828843106180603,-0.06395906619762748,-2.7314869482080173
2023-09-16,11333.48,7779,16356,2286.32,24.6,31.11,9,autumn,-0.7664380798709014,-0.44800000000000395,10.955905388471177
2023-09-17,11668.16,7950,15593,2218.95,24.59,30.89,9,autumn,-0.04065040650407248,-0.7071681131468943,2.953020607968604
2023-09-18,10549.52,8050,14447,1765.7,24.9,30.68,9,autumn,1.2606750711671388,-0.6798316607316335,-9.587115706332439
2023-09-19,10615.08,7462,14501,2371.22,24.61,31.49,9,autumn,-1.1646586345381515,2.6401564537157807,0.6214500754536667
2023-09-20,10355.6,7173,14049,2221.22,24.93,31.28,9,autumn,1.3002844372206335,-0.6668783740869988,-2.4444469565938265
2023-09-21,10678.72,7791,14965,2242.41,25.24,30.74,9,autumn,1.2434817488969019,-1.7263427109974527,3.1202441191239494
2023-09-22,10871.72,7153,14470,2313.17,24.75,31.6,9,autumn,-1.9413629160063284,2.797657774886142,1.8073327140331497
2023-09-23,11882.0,8299,15965,2425.79,24.57,30.43,9,autumn,-0.7272727272727209,-3.702531645569629,9.292733808449816
2023-09-24,11520.36,8288,15340,2013.57,25.34,31.55,9,autumn,3.1339031339031376,3.6805783766020506,-3.043595354317452
2023-09-25,11003.52,7598,14055,1971.96,24.85,31.48,9,autumn,-1.933701657458553,-0.22187004754358197,-4.486318135891587
2023-09-26,10372.6,7157,14148,1867.17,24.43,31.65,9,autumn,-1.6901408450704314,0.5400254129606097,-5.733801547141281
2023-09-27,10430.64,7358,14535,2180.79,24.38,30.96,9,autumn,-0.20466639377814122,-2.180094786729847,0.5595511250795271
2023-09-28,10883.24,7748,15054,2072.96,24.44,31.4,9,autumn,0.24610336341264194,1.4211886304909438,4.3391393049707405
2023-09-29,10443.6,7214,13631,1730.46,24.96,31.65,9,autumn,2.127659574468077,0.79617834394905,-4.0396058526688705
2023-09-30,11603.36,8327,16388,2265.08,25.11,31.9,9,autumn,0.6009615384615419,0.789889415481837,11.104982956068788
2023-10-01,11806.88,8079,17216,2532.6,24.74,31.12,10,autumn,-1.4735165272799722,-2.445141065830714,1.7539747107734094
2023-10-02,10571.12,7585,14291,2061.78,24.37,30.39,10,autumn,-1.49555375909457,-2.345758354755789,-10.466439906224156
2023-10-03,10427.2,7960,14011,1990.7,24.68,31.13,10,autumn,1.2720558063192389,2.4350115169463615,-1.3614451448853093
2023-10-04,10487.6,7793,14116,1802.1,25.29,31.26,10,autumn,2.4716369529983684,0.41760359781561895,0.5792542580942195
2023-10-05,10507.52,7582,13971,1943.73,24.82,31.71,10,autumn,-1.858442071965194,1.4395393474088358,0.18993859414928593
2023-10-06,10574.6,7732,13868,1998.61,25.25,31.71,10,autumn,1.732473811442392,0.0,0.6383999269094831
2023-10-07,11169.84,7586,15515,1975.4,25.13,31.01,10,autumn,-0.47524752475247567,-2.207505518763797,5.62895996066044
2023-10-08,11548.08,8597,15907,2026.96,24.27,31.15,10,autumn,-3.422204536410667,0.4514672686230181,3.386261575814875
2023-10-09,10452.32,7362,15443,2162.59,24.97,31.03,10,autumn,2.8842192006592438,-0.3852327447833037,-9.488676905598158
2023-10-10,10524.96,7299,14998,2341.72,24.91,31.45,10,autumn,-0.2402883460152161,1.3535288430551073,0.6949653282716017
2023-10-11,10621.92,7583,14651,2028.6,24.76,30.95,10,autumn,-0.6021678040947331,-1.5898251192368873,0.9212386555388363
2023-10-12,10504.64,7036,14413,2127.97,24.47,31.34,10,autumn,-1.1712439418416931,1.2600969305331278,-1.1041318330396122
2023-10-13,10224.36,7332,14958,1989.44,24.83,30.54,10,autumn,1.4711892112791114,-2.552648372686661,-2.668154263258893
2023-10-14,12052.32,8902,17260,2503.3,24.29,31.04,10,autumn,-2.174788562223118,1.6371971185330736,17.878478457331305
2023-10-15,11489.28,7768,15716,2239.06,24.6,31.83,10,autumn,1.2762453684644015,2.545103092783507,-4.671631685849686
2023-10-16,10787.8,7607,14477,2310.72,24.6,30.82,10,autumn,0.0,-3.17310713163681,-6.105517491087353
2023-10-17,10621.16,7265,15773,2270.4,25.09,31.38,10,autumn,1.991869918699174,1.8170019467877996,-1.5447079107881123
2023-10-18,10199.4,7394,14392,1822.57,24.99,31.31,10,autumn,-0.3985651654045519,-0.22307202039515417,-3.9709410271571155
2023-10-19,10656.04,8222,14531,1810.45,24.36,31.63,10,autumn,-2.5210084033613356,1.022037687639732,4.477126105457185
2023-10-20,10397.52,7247,15074,1927.53,24.58,31.63,10,autumn,0.9031198686371145,0.0,-2.426041944287005
2023-10-21,11349.24,8523,14519,1866.9,24.24,31.64,10,autumn,-1.3832384052074875,0.03161555485298173,9.153336564873161
2023-10-22,11595.28,8630,17343,2107.63,24.95,30.87,10,autumn,2.9290429042904353,-2.433628318584069,2.16789846721015
2023-10-23,10329.84,7546,13806,1932.46,24.89,30.76,10,autumn,-0.24048096192383905,-0.3563330093942274,-10.913406144569171
2023-10-24,10537.32,7960,14806,1862.59,24.3,31.4,10,autumn,-2.3704298915226962,2.0806241872561637,2.0085499872214863
2023-10-25,10412.16,7595,15862,2404.64,24.62,31.46,10,autumn,1.3168724279835509,0.19108280254778176,-1.1877782965687644
2023-10-26,10609.92,8101,15796,1982.65,24.56,31.64,10,autumn,-0.2437043054427379,0.5721551176096629,1.8993177208187273
2023-10-27,10358.88,7142,14198,2058.62,24.09,30.3,10,autumn,-1.913680781758953,-4.2351453855878685,-2.3660875859572994
2023-10-28,11560.16,7885,16996,2242.57,24.67,30.35,10,autumn,2.4076380240763973,0.16501650165017256,11.596620484067778
2023-10-29,11465.48,8118,16186,2346.97,24.43,31.24,10,autumn,-0.9728415079043429,2.932454695222386,-0.8190198059542464
2023-10-30,10454.48,7789,14067,1913.24,24.64,31.7,10,autumn,0.8595988538681931,1.472471190781044,-8.817773002089746
2023-10-31,10433.56,7279,13931,2127.07,24.37,31.82,10,autumn,-1.0957792207792139,0.3785488958990557,-0.20010560066114902
2023-11-01,10535.92,7627,14894,1830.13,23.81,31.42,11,autumn,-2.2979072630283204,-1.257071024512879,0.9810649481097666
2023-11-02,10569.08,7387,14402,1997.52,24.11,30.91,11,autumn,1.2599748005039935,-1.623169955442394,0.3147328377588243
2023-11-03,10786.52,7568,14755,2165.05,23.78,30.37,11,autumn,-1.3687266694317635,-1.7470074409576153,2.0573219239517604
2023-11-04,11115.76,8208,15613,2217.61,24.66,31.23,11,autumn,3.700588730025234,2.831741850510361,3.052328276404248
2023-11-05,11324.48,7938,17112,2279.8,24.58,31.61,11,autumn,-0.32441200324412334,1.2167787383925655,1.8776943726744655
2023-11-06,10538.4,7472,15327,2366.97,24.51,30.92,11,autumn,-0.2847843775427017,-2.1828535273647476,-6.941422475910597
2023-11-07,10385.92,6971,14441,2008.4,23.96,31.31,11,autumn,-2.2439820481436223,1.2613195342820127,-1.4468989599939253
2023-11-08,10439.48,7648,14465,2044.76,23.68,31.64,11,autumn,-1.16861435726211,1.0539763653784728,0.5156981759921075
2023-11-09,10578.68,7392,14132,1982.73,24.47,30.27,11,autumn,3.3361486486486402,-4.329962073324911,1.3333997478801596
2023-11-10,11020.84,7332,15372,2276.26,24.51,31.47,11,autumn,0.163465467919921,3.964321110009905,4.179727527441979
2023-11-11,11398.56,8323,16146,2310.21,23.61,30.66,11,autumn,-3.6719706242350103,-2.5738798856053346,3.4273249588960386
2023-11-12,11797.96,7638,16252,2120.58,23.98,30.78,11,autumn,1.5671325709445183,0.391389432485334,3.503951376314207
2023-11-13,10466.32,7795,13902,2031.89,23.54,30.41,11,autumn,-1.834862385321101,-1.2020792722547191,-11.287036063861889
2023-11-14,10598.24,8063,14704,1910.37,24.19,31.03,11,autumn,2.761257434154629,2.0388030253206235,1.2604239121295713
2023-11-15,10458.0,7758,13999,1700.13,24.17,31.08,11,autumn,-0.08267879288962332,0.1611343860779879,-1.3232385754615827
2023-11-16,10450.08,6931,15265,2145.22,23.5,31.44,11,autumn,-2.7720314439387717,1.1583011583011782,-0.07573149741824103
2023-11-17,10473.48,7550,14606,2207.9,23.81,30.44,11,autumn,1.3191489361702002,-3.180661577608146,0.2239217307427266
2023-11-18,11673.36,8870,15949,1845.1,23.85,30.29,11,autumn,0.16799664006721393,-0.492772667542718,11.456364073832193
2023-11-19,11519.6,7759,16202,2353.58,23.53,31.55,11,autumn,-1.3417190775681376,4.159788709144929,-1.3171871680475955
2023-11-20,10827.08,7345,15040,1976.54,24.11,31.15,11,autumn,2.464938376540582,-1.267828843106189,-6.01166707177333
2023-11-21,10514.64,7573,14980,1893.61,23.62,30.54,11,autumn,-2.03235172127747,-1.9582664526484717,-2.885727269032834
2023-11-22,10691.92,7048,14574,2341.7,23.37,31.61,11,autumn,-1.0584250635055081,3.5036018336607633,1.6860301446364412
2023-11-23,10086.92,7567,14646,2195.03,23.67,30.38,11,autumn,1.2836970474968012,-3.8911736792154428,-5.658478552028079
2023-11-24,10790.44,8002,15761,2248.51,23.82,30.88,11,autumn,0.6337135614702172,1.6458196181698526,6.9745769769166355
2023-11-25,11641.6,8151,15638,2157.82,23.25,30.55,11,autumn,-2.3929471032745564,-1.0686528497409253,7.888093534647345
2023-11-26,11869.16,8973,15921,2267.23,23.33,30.55,11,autumn,0.34408602150537426,0.0,1.9547141286420988
2023-11-27,10507.28,6843,14380,2026.81,23.97,30.15,11,autumn,2.7432490355765227,-1.3093289689034449,-11.474106002446671
2023-11-28,10474.76,7170,15128,2083.96,23.59,31.42,11,autumn,-1.5853149770546526,4.212271973466009,-0.30949969925614385
2023-11-29,10575.76,7372,15830,2397.94,23.34,31.57,11,autumn,-1.0597710894446832,0.47740292807127993,0.9642225692999107
2023-11-30,10716.8,8020,14648,2088.67,23.38,31.21,11,autumn,0.1713796058268935,-1.1403230915426055,1.3336157401453885
2023-12-01,13837.44,10540,19263,2491.88,22.95,30.37,12,winter,-1.839178785286566,-2.6914450496635656,29.119140041803536
2023-12-02,14798.92,10570,21926,3316.41,23.01,30.82,12,winter,0.2614379084967311,1.4817253868949498,6.948395078858516
2023-12-03,15152.0,10548,21192,3008.25,23.09,30.67,12,winter,0.3476749239460952,-0.4866969500324392,2.385849778227067
2023-12-04,14006.24,9701,20463,2690.72,23.3,31.05,12,winter,0.9094846253789646,1.238995761330286,-7.56177402323126
2023-12-05,13625.24,9616,18161,2685.21,22.9,31.13,12,winter,-1.7167381974249052,0.25764895330111504,-2.720216132238207
2023-12-06,13959.84,9796,20178,2994.31,22.85,30.78,12,winter,-0.21834061135369565,-1.1243173787343297,2.455736559502797
2023-12-07,13754.2,9250,18755,2429.21,22.66,30.5,12,winter,-0.8315098468271387,-0.9096816114359974,-1.473082786049118
2023-12-08,14313.16,10444,20349,2769.44,23.18,31.45,12,winter,2.294792586054717,3.1147540983606614,4.063922292826905
2023-12-09,14790.64,10834,18371,2179.66,22.74,30.41,12,winter,-1.8981880931837836,-3.3068362480127123,3.335950970994528
2023-12-10,14808.88,10990,20850,2790.0,23.37,30.7,12,winter,2.770448548812676,0.9536336731338357,0.12332123559224417
2023-12-11,14016.92,10236,20570,2894.08,23.29,30.86,12,winter,-0.3423192126658203,0.5211726384364734,-5.347872357666472
2023-12-12,13668.72,9201,18819,2732.02,22.46,30.46,12,winter,-3.56376127093172,-1.2961762799740706,-2.4841405957942264
2023-12-13,13668.24,9226,19410,2968.04,22.58,30.99,12,winter,0.5342831700801298,1.7399868680236352,-0.0035116675153212817
2023-12-14,13798.96,9479,19542,2845.09,22.97,30.99,12,winter,1.727192205491579,0.0,0.9563777048105626
2023-12-15,13713.08,9355,19187,2783.58,22.48,31.66,12,winter,-2.1332172398780935,2.161987737979998,-0.6223657435053043
2023-12-16,15425.24,11367,21802,2671.91,22.35,30.54,12,winter,-0.5782918149466187,-3.5375868603916616,12.485597692130423
2023-12-17,15055.12,9861,22473,3145.49,23.11,31.63,12,winter,3.400447427293063,3.5690897184020853,-2.3994440280993956
2023-12-18,13852.88,9028,17935,2558.26,22.71,31.11,12,winter,-1.7308524448290674,-1.6440088523553609,-7.985588955783818
2023-12-19,13826.08,9283,20371,3107.92,22.57,30.5,12,winter,-0.6164685160722216,-1.9607843137254832,-0.19346157622096571
2023-12-20,13774.48,10830,20116,2550.95,22.83,30.96,12,winter,1.1519716437749183,1.5081967213114833,-0.37320773494728954
2023-12-21,13953.64,9657,20416,3065.88,22.82,31.15,12,winter,-0.043802014892679875,0.6136950904392702,1.3006661594484825
2023-12-22,13570.92,9824,20555,2977.75,22.16,31.24,12,winter,-2.892199824715158,0.2889245585874889,-2.7427968616074327
2023-12-23,14946.36,10927,21217,2775.09,22.02,30.12,12,winter,-0.6317689530685899,-3.5851472471190693,10.135200855947879
2023-12-24,15039.24,10008,20639,3241.38,22.31,31.01,12,winter,1.3169845594913632,2.9548472775564383,0.6214222058079644
2023-12-25,14019.16,10748,19230,2363.09,22.26,30.83,12,winter,-0.22411474675032572,-0.5804579168010471,-6.782789555855217
2023-12-26,13731.6,10523,19378,2900.49,22.26,31.48,12,winter,0.0,2.108336036328251,-2.0511927961446963
2023-12-27,13915.4,9301,20669,3132.66,22.48,30.49,12,winter,0.9883198562443685,-3.1448538754764943,1.338518453785431
2023-12-28,13662.4,9838,20356,2612.3,22.38,31.31,12,winter,-0.4448398576512469,2.6894063627418863,-1.8181295543067355
2023-12-29,13684.6,9412,18100,2644.71,22.65,30.99,12,winter,1.206434316353877,-1.022037687639732,0.1624897528984759
2023-12-30,14922.0,10200,21919,2578.12,21.72,30.58,12,winter,-4.1059602649006655,-1.3230074217489562,9.042281104307026
2023-12-31,15143.28,10529,22183,3516.77,21.98,31.04,12,winter,1.1970534069981609,1.504251144538915,1.4829111379171644
2024-01-01,13448.96,9873,19122,2663.87,21.88,31.01,1,winter,-0.45495905368517775,-0.09664948453607103,-11.188593224189225
2024-01-02,13504.72,10191,18899,2933.91,22.36,31.09,1,winter,2.1937842778793515,0.2579812963560135,0.41460454934805213
2024-01-03,13918.28,9781,20650,3048.13,21.7,31.16,1,winter,-2.951699463327373,0.22515278224508606,3.06233672375289
2024-01-04,13435.68,9091,18962,2762.81,21.6,31.06,1,winter,-0.4608294930875445,-0.3209242618742003,-3.4673824639251394
2024-01-05,13745.16,9916,17949,2507.35,21.82,31.34,1,winter,1.0185185185185075,0.9014810045073984,2.3034189560930285
2024-01-06,15063.0,11170,19468,2530.84,21.75,31.0,1,winter,-0.32080659945005197,-1.084875558391829,9.587665767441056
2024-01-07,15185.76,11365,22184,3116.37,21.56,31.44,1,winter,-0.873563218390816,1.4193548387096744,0.814977096195979
2024-01-08,13659.96,9830,20680,2838.32,21.49,31.02,1,winter,-0.32467532467532756,-1.3358778625954248,-10.0475708821949
2024-01-09,13972.08,9494,19098,2811.52,22.12,30.48,1,winter,2.931596091205213,-1.7408123791102459,2.284926163766232
2024-01-10,13491.12,9128,17832,2665.96,21.6,30.69,1,winter,-2.3508137432188048,0.6889763779527547,-3.4422934881563783
2024-01-11,13693.72,10130,19942,2593.19,21.98,30.91,1,winter,1.7592592592592604,0.7168458781362075,1.5017285444054895
2024-01-12,13945.52,9576,18694,2823.79,21.62,31.15,1,winter,-1.6378525932666088,0.776447751536713,1.8387990991491021
2024-01-13,15664.0,9891,22573,3038.38,21.08,30.12,1,winter,-2.4976873265495025,-3.3065810593900458,12.322810479637901
2024-01-14,15651.88,10546,22270,3090.22,21.99,30.44,1,winter,4.316888045540801,1.0624169986719778,-0.07737487231870288
2024-01-15,13866.92,9011,18765,2786.85,21.78,31.16,1,winter,-0.9549795361527891,2.3653088042049797,-11.404125255240904
2024-01-16,14361.56,9551,18825,2500.99,21.88,30.24,1,winter,0.45913682277318735,-2.9525032092426295,3.567050217351797
2024-01-17,13808.96,10269,18937,3155.07,21.79,30.17,1,winter,-0.41133455210237146,-0.23148148148146586,-3.8477714120193074
2024-01-18,13736.6,10148,18264,2671.63,21.68,30.82,1,winter,-0.5048187241854074,2.1544580709313754,-0.524007600862042
2024-01-19,13989.2,9975,20528,3205.9,20.95,31.51,1,winter,-3.367158671586723,2.238805970149249,1.8388829841445409
2024-01-20,15236.04,11214,22738,3363.54,21.23,30.8,1,winter,1.3365155131265016,-2.253252935576011,8.91287564692762
2024-01-21,15206.24,10142,21987,3015.1,20.92,31.41,1,winter,-1.4601978332548171,1.9805194805194715,-0.19558888005020147
2024-01-22,14066.36,9180,19786,2934.92,21.07,31.27,1,winter,0.7170172084129955,-0.44571792422795076,-7.496133166384322
2024-01-23,13756.32,9757,19974,2939.38,20.69,30.35,1,winter,-1.8035121025154255,-2.9421170450911305,-2.2041238813737207
2024-01-24,13795.72,10272,18615,2687.28,20.97,31.25,1,winter,1.3533107781536824,2.9654036243822013,0.28641380834408814
2024-01-25,13233.76,9067,17595,2510.47,21.54,30.7,1,winter,2.7181688125894166,-1.760000000000006,-4.073437268950075
2024-01-26,13528.24,9515,19334,2668.5,20.78,31.22,1,winter,-3.528319405756719,1.693811074918572,2.2252179274824258
2024-01-27,15346.28,10147,22595,3373.05,21.26,31.12,1,winter,2.3099133782483072,-0.32030749519538215,13.438850877867337
2024-01-28,15142.32,9994,20575,2810.99,20.89,30.46,1,winter,-1.7403574788334986,-2.120822622107965,-1.3290517311035699
2024-01-29,13718.88,10484,20370,2745.48,20.82,30.1,1,winter,-0.335088559119201,-1.1818778726198298,-9.400408920165471
2024-01-30,14011.52,10272,19346,2470.32,21.32,31.45,1,winter,2.401536983669539,4.485049833887045,2.133118738555928
2024-01-31,13304.64,9737,18123,2605.85,21.32,30.14,1,winter,0.0,-4.165341812400635,-5.044991549810451
2024-02-01,13709.4,10202,18612,2178.39,20.84,31.45,2,winter,-2.251407129455907,4.346383543463839,3.042246915361857
2024-02-02,13647.88,10074,19630,2840.36,20.97,31.28,2,winter,0.6238003838771489,-0.540540540540535,-0.4487431980976564
2024-02-03,15209.4,10733,20774,3138.77,20.37,31.06,2,winter,-2.8612303290414753,-0.703324808184147,11.44148395208633
2024-02-04,15155.84,10801,20829,2779.94,20.48,31.46,2,winter,0.5400098183603319,1.2878300064391501,-0.3521506436808819
2024-02-05,13862.24,9075,18891,2764.63,21.12,31.44,2,winter,3.125,-0.06357279084551193,-8.535323677209583
2024-02-06,13802.84,10063,19143,2778.97,20.69,31.18,2,winter,-2.035984848484851,-0.8269720101781175,-0.4285021756945451
2024-02-07,13966.32,9333,19962,3007.87,20.62,30.47,2,winter,-0.3383276945384206,-2.2771007055805037,1.1843939363203493
2024-02-08,13693.6,9727,19723,2739.4,20.79,31.15,2,winter,0.8244422890397507,2.231703314735811,-1.9526976325903944
2024-02-09,14264.64,9658,18311,2544.23,20.07,29.9,2,winter,-3.463203463203457,-4.01284109149278,4.17012326926447
2024-02-10,15060.32,10440,21503,3299.9,20.56,30.73,2,winter,2.4414549078226155,2.7759197324414675,5.5779886488547925
2024-02-11,14293.28,10851,20480,2848.72,20.45,30.6,2,winter,-0.5350194552529164,-0.4230393752033823,-5.093118871312152
2024-02-12,13664.4,9661,20085,3043.36,20.77,30.95,2,winter,1.5647921760391315,1.1437908496731986,-4.3998298501113915
2024-02-13,13961.84,10117,20341,2376.37,20.04,30.94,2,winter,-3.5146846413095845,-0.03231017770597422,2.176751266063648
2024-02-14,13549.68,10004,19365,2576.96,20.81,30.8,2,winter,3.842315369261473,-0.4524886877828038,-2.952046435140354
2024-02-15,13961.96,9280,18930,2709.62,19.9,31.17,2,winter,-4.372897645362805,1.201298701298703,3.042728684367435
2024-02-16,13740.84,9886,20184,3102.36,19.98,31.36,2,winter,0.4020100502512669,0.6095604748155292,-1.583731796968324
2024-02-17,15177.88,10782,22722,3188.8,20.36,30.02,2,winter,1.9019019019018923,-4.272959183673464,10.458167040734034
2024-02-18,14855.4,10116,20539,2890.8,20.41,30.22,2,winter,0.24557956777997436,0.6662225183211135,-2.124670902655701
2024-02-19,13528.36,10482,19489,2513.59,19.94,29.88,2,winter,-2.3027927486526156,-1.1250827266710783,-8.933047915236203
2024-02-20,13595.0,9935,18863,2182.27,19.8,31.26,2,winter,-0.7021063189568744,4.618473895582342,0.4925948156317528
2024-02-21,13544.0,9968,18407,2506.16,20.54,30.74,2,winter,3.737373737373728,-1.6634676903391044,-0.3751379183523307
2024-02-22,13847.6,10001,19052,2664.31,19.87,31.3,2,winter,-3.2619279454722427,1.8217306441119074,2.241582988777324
2024-02-23,13304.64,9505,20645,2970.31,20.19,30.18,2,winter,1.610468042274782,-3.578274760383393,-3.920968254426771
2024-02-24,15275.4,11192,22391,2882.22,20.19,29.93,2,winter,0.0,-0.828363154406897,14.812576664983034
2024-02-25,15182.72,10772,21520,3095.0,19.96,31.14,2,winter,-1.1391778107974315,4.042766455061808,-0.6067271560810217
2024-02-26,13763.72,9770,20274,2891.45,20.1,31.28,2,winter,0.7014028056112176,0.4495825305073975,-9.346151414239346
2024-02-27,13547.4,10283,18656,2384.58,20.02,30.3,2,winter,-0.39800995024876773,-3.1329923273657356,-1.5716681246058406
2024-02-28,13905.28,9950,19363,3060.1,20.41,30.47,2,winter,1.9480519480519431,0.5610561056105468,2.6416877039136644
2024-02-29,13763.0,10262,17269,2378.32,19.65,30.03,2,winter,-3.7236648701616915,-1.4440433212996262,-1.0232084503152827
2024-03-01,11227.56,7527,16355,2319.79,20.14,31.32,3,spring,2.4936386768448005,4.295704295704295,-18.42214633437478
2024-03-02,11559.48,8621,16598,2149.6,19.64,30.29,3,spring,-2.48262164846077,-3.2886334610472523,2.9562968267370593
2024-03-03,12067.48,9481,15860,2019.68,19.78,30.59,3,spring,0.7128309572301372,0.9904258831297419,4.39466135154869
2024-03-04,11188.4,8294,16175,2171.82,20.03,29.95,3,spring,1.2639029322548012,-2.0921869892121636,-7.284702357078698
2024-03-05,11081.96,7999,15150,2510.06,19.64,31.21,3,spring,-1.9470793809286069,4.207011686143569,-0.9513424618354804
2024-03-06,10771.72,7605,14852,2227.4,19.64,30.01,3,spring,0.0,-3.8449214995193826,-2.7995047807427564
2024-03-07,11063.88,7999,14772,1957.72,20.05,30.51,3,spring,2.0875763747454146,1.6661112962345959,2.712287359864529
2024-03-08,10619.52,7578,14509,2384.54,19.36,30.86,3,spring,-3.4413965087281895,1.147164863979011,-4.016312541350764
2024-03-09,12536.16,9206,16657,2340.17,19.73,30.97,3,spring,1.9111570247933862,0.35644847699287663,18.048273368287827
2024-03-10,12147.44,8274,16248,2196.26,20.25,31.29,3,spring,2.6355803345159634,1.0332579916047857,-3.1007900345879413
2024-03-11,10866.92,7920,15091,2091.67,20.23,30.44,3,spring,-0.09876543209876854,-2.7165228507510353,-10.541480344829857
2024-03-12,10859.56,8420,15615,1931.34,19.29,30.96,3,spring,-4.646564508156215,1.708278580814726,-0.06772848240348406
2024-03-13,10906.4,8316,14869,2090.16,19.41,30.01,3,spring,0.6220839813374957,-3.068475452196384,0.431325026059981
2024-03-14,11231.6,7950,15360,2445.79,19.45,30.43,3,spring,0.20607934054610588,1.399533488837057,2.9817354947553776
2024-03-15,11248.08,7683,16201,2198.37,20.11,29.92,3,spring,3.393316195372753,-1.6759776536312776,0.14672887211082397
2024-03-16,12280.56,8957,18154,2715.9,20.04,30.54,3,spring,-0.348085529587272,2.0721925133689645,9.17916657776261
2024-03-17,12028.76,9071,17590,2533.51,20.03,30.4,3,spring,-0.04990019960078307,-0.4584151931892655,-2.0503950959890993
2024-03-18,11096.96,7989,15131,2283.07,19.5,31.27,3,spring,-2.646030953569656,2.861842105263168,-7.746434378938483
2024-03-19,11077.96,8209,14736,1985.32,19.28,29.8,3,spring,-1.1282051282051175,-4.700991365526064,-0.1712180633254512
2024-03-20,11131.44,7632,14487,1868.82,19.95,30.33,3,spring,3.4751037344398217,1.7785234899328817,0.48276036382151055
2024-03-21,10847.96,8083,15550,1941.36,19.81,30.45,3,spring,-0.7017543859649145,0.3956478733926794,-2.5466606297118943
2024-03-22,11250.6,7703,14673,1812.63,19.7,31.26,3,spring,-0.5552751135790013,2.6600985221674867,3.711665603486747
2024-03-23,12152.92,9075,16610,2192.62,20.07,31.1,3,spring,1.878172588832494,-0.5118362124120313,8.020194478516697
2024-03-24,12453.52,9016,16946,2445.14,19.73,29.89,3,spring,-1.6940707523667164,-3.8906752411575596,2.473479624649877
2024-03-25,11289.8,8132,15490,2307.14,19.07,30.82,3,spring,-3.345159655347185,3.111408497825363,-9.344506613391246
2024-03-26,11137.64,8803,16448,1975.75,19.88,30.59,3,spring,4.247509176717346,-0.7462686567164201,-1.3477652394196515
2024-03-27,10938.08,8057,13827,1706.71,19.35,31.28,3,spring,-2.6659959758551177,2.2556390977443552,-1.7917619890748804
2024-03-28,11193.2,7395,15749,2405.24,19.71,30.29,3,spring,1.8604651162790642,-3.164961636828656,2.3324020303380655
2024-03-29,10995.36,7745,14967,2304.01,19.98,30.35,3,spring,1.3698630136986356,0.1980851766259617,-1.7675016974591728
2024-03-30,11923.52,9197,16325,1933.29,19.17,30.01,3,spring,-4.0540540540540455,-1.1202635914332792,8.441378908921582
2024-03-31,11807.04,8841,18180,2190.34,19.15,29.9,3,spring,-0.10432968179449054,-0.366544485171616,-0.9768927296637253
2024-04-01,11093.32,7913,15788,2104.5,19.14,31.06,4,spring,-0.052219321148816444,3.879598662207351,-6.044868146461779
2024-04-02,11065.72,7880,15374,2179.24,19.58,30.42,4,spring,2.298850574712641,-2.0605280103026313,-0.2487983759595913
2024-04-03,11150.2,7865,15030,1873.7,19.3,30.75,4,spring,-1.43003064351378,1.0848126232741562,0.7634388001865444
2024-04-04,11615.64,8309,16043,2191.7,19.63,30.72,4,spring,1.7098445595854939,-0.09756097560975618,4.1742749008986335
2024-04-05,10949.8,7880,15428,2331.61,19.74,30.64,4,spring,0.5603667855323513,-0.26041666666666297,-5.732271316948534
2024-04-06,11632.24,8280,15780,2129.53,19.23,29.72,4,spring,-2.583586626139811,-3.0026109660574507,6.232442601691357
2024-04-07,11918.08,8298,15826,2137.8,19.66,30.94,4,spring,2.236089443577738,4.104979811574716,2.457308308631867
2024-04-08,10917.6,8231,15426,1989.78,19.29,30.07,4,spring,-1.8819938962360228,-2.8118939883645777,-8.394640747502946
2024-04-09,11133.24,7473,16519,2485.84,19.52,29.87,4,spring,1.19232763089685,-0.6651147322913165,1.9751593756869523
2024-04-10,10509.48,7479,14975,2106.5,19.94,30.57,4,spring,2.1516393442623016,2.343488449949782,-5.60268169912802
2024-04-11,11176.04,7443,16181,2483.88,19.88,29.78,4,spring,-0.30090270812438424,-2.5842329080798088,6.342464137140946
2024-04-12,11130.0,8203,15139,2177.13,19.13,30.89,4,spring,-3.7726358148893357,3.727333781061115,-0.4119527131255851
2024-04-13,12360.6,8298,16775,2706.18,19.46,29.99,4,spring,1.725039205436496,-2.9135642602784118,11.056603773584905
2024-04-14,11921.48,7858,16340,2458.96,19.32,30.0,4,spring,-0.7194244604316613,0.03334444814939719,-3.5525783538016054
2024-04-15,11276.64,8285,15999,2171.48,19.06,31.04,4,spring,-1.345755693581785,3.4666666666666623,-5.409059948932516
2024-04-16,10809.28,7588,15063,2435.93,19.83,30.17,4,spring,4.039874081846806,-2.802835051546382,-4.1444969423516165
2024-04-17,10870.08,7686,15420,2351.69,19.7,29.88,4,spring,-0.655572365103374,-0.9612197547232415,0.5624796471180193
2024-04-18,10718.16,7511,15071,2215.3,19.33,31.08,4,spring,-1.878172588832494,4.016064257028118,-1.3975978097677255
2024-04-19,11271.68,7860,15772,2637.77,19.82,29.64,4,spring,2.534919813760994,-4.633204633204624,5.164319248826299
2024-04-20,12157.24,8358,16407,2496.52,19.64,31.01,4,spring,-0.908173562058523,4.6221322537111975,7.85650408812173
2024-04-21,12278.96,8087,16117,2224.65,19.53,29.86,4,spring,-0.5600814663951126,-3.708481135117714,1.0012140913562506
2024-04-22,10959.96,8307,15103,1918.91,19.12,29.84,4,spring,-2.0993343573988743,-0.06697923643670389,-10.741952087147444
2024-04-23,11069.52,7427,14505,1672.1,19.19,30.03,4,spring,0.36610878661087476,0.636729222520116,0.9996386848127203
2024-04-24,10927.8,8300,15013,1896.86,20.01,29.9,4,spring,4.273058884835845,-0.43290043290044045,-1.280272315330755
2024-04-25,10805.44,8035,15654,2089.7,20.04,30.67,4,spring,0.14992503748125774,2.575250836120402,-1.1197130254945953
2024-04-26,11244.44,7522,16064,2441.46,19.7,29.66,4,spring,-1.6966067864271461,-3.2931203130094566,4.062768383332838
2024-04-27,12330.56,8674,16134,2147.67,20.0,29.63,4,spring,1.522842639593902,-0.10114632501686538,9.659173778329544
2024-04-28,11712.4,9132,16075,1975.05,19.76,30.87,4,spring,-1.19999999999999,4.184947688153895,-5.0132354086108055
2024-04-29,11043.28,7365,14990,2016.5,19.34,29.98,4,spring,-2.1255060728745057,-2.8830579850988025,-5.712919640722647
2024-04-30,10923.16,7236,14270,1967.28,19.33,30.12,4,spring,-0.05170630816960786,0.46697798532355783,-1.0877203149788905
2024-05-01,10937.6,8276,15828,2037.72,19.53,29.88,5,spring,1.034661148473881,-0.7968127490039945,0.13219617766286884
2024-05-02,11042.32,8070,15449,2134.69,20.14,29.68,5,spring,3.1233998975934485,-0.669344042838016,0.957431246342888
2024-05-03,11092.28,8017,16438,2518.98,20.05,30.78,5,spring,-0.4468718967229335,3.7061994609164373,0.4524411536706241
2024-05-04,12270.08,9166,16736,2592.1,20.13,30.43,5,spring,0.39900249376558783,-1.1371020142949995,10.61819571810303
2024-05-05,12015.76,8396,15916,2311.63,20.19,30.78,5,spring,0.29806259314457684,1.1501807426881339,-2.072684122678903
2024-05-06,11149.84,8661,15075,1919.18,19.51,30.34,5,spring,-3.368003962357602,-1.4294996751137101,-7.206535416819248
2024-05-07,11073.04,8158,14801,2082.68,19.57,30.82,5,spring,0.3075345976422339,1.5820698747528006,-0.688799121781114
2024-05-08,11106.72,8216,15568,2259.99,19.44,30.39,5,spring,-0.6642820643842584,-1.39519792342635,0.30416218129798445
2024-05-09,10793.44,7856,16164,2308.66,20.14,29.74,5,spring,3.600823045267476,-2.138861467588027,-2.8206347148392985
2024-05-10,10962.92,7642,15155,2484.15,20.26,30.37,5,spring,0.5958291956305928,2.118359112306667,1.5702130182777552
2024-05-11,12365.24,9228,17659,2440.29,19.8,31.07,5,spring,-2.2704837117472843,2.3049061573921614,12.79148256121545
2024-05-12,11675.88,8949,15164,1974.44,20.04,29.63,5,spring,1.2121212121211977,-4.634695848084968,-5.574982774293103
2024-05-13,11044.44,8437,15141,2161.03,19.59,30.81,5,spring,-2.2455089820359264,3.9824502193722466,-5.408072025406208
2024-05-14,11202.64,7315,15707,2387.87,20.39,30.94,5,spring,4.083716181725383,0.42194092827005925,1.4323949426136462
2024-05-15,11016.68,7569,16138,2479.79,20.35,30.38,5,spring,-0.19617459538989745,-1.8099547511312264,-1.659965865188917
2024-05-16,11007.44,8182,15086,2053.3,20.48,30.28,5,spring,0.6388206388206363,-0.3291639236339572,-0.08387281830823934
2024-05-17,10787.6,7403,14791,1899.2,20.34,31.08,5,spring,-0.68359375,2.6420079260237594,-1.9971946247265504
2024-05-18,12041.0,8852,17713,2352.12,20.43,29.64,5,spring,0.4424778761061843,-4.633204633204624,11.618895769216508
2024-05-19,11680.72,9053,16701,2417.49,19.6,30.3,5,spring,-4.06265296133137,2.2267206477732726,-2.992110289843042
2024-05-20,10896.28,7588,15266,2239.07,20.33,30.17,5,spring,3.724489795918351,-0.429042904290422,-6.715681910019233
2024-05-21,10866.68,7628,16519,2141.32,19.95,30.63,5,spring,-1.869158878504673,1.5246934040437532,-0.27165234373566216
2024-05-22,11250.8,7636,15386,2068.94,20.58,30.31,5,spring,3.157894736842093,-1.0447273914462984,3.5348422885370656
2024-05-23,11283.68,8366,15043,2174.0,20.47,30.98,5,spring,-0.5344995140913467,2.210491586935004,0.2922458847370857
2024-05-24,10888.12,7179,15054,2252.81,20.56,29.63,5,spring,0.43966780654616233,-4.357650096836673,-3.505593919714134
2024-05-25,11909.56,9090,16491,2154.57,20.53,29.64,5,spring,-0.1459143968871479,0.03374957813027102,9.381233858554072
2024-05-26,12020.8,8474,17907,2414.49,20.02,30.48,5,spring,-2.4841695080370263,2.8340080971659853,0.9340395447019034
2024-05-27,10830.96,7359,16020,2318.86,20.56,29.61,5,spring,2.6973026973026837,-2.8543307086614234,-9.898176494076939
2024-05-28,10625.88,7923,16513,1984.33,19.91,29.94,5,spring,-3.1614785992217787,1.1144883485309176,-1.8934609674488678
2024-05-29,11245.72,8192,15111,2267.91,20.7,30.51,5,spring,3.9678553490708035,1.9038076152304573,5.833305100377562
2024-05-30,11067.72,8158,15018,1979.38,20.71,30.37,5,spring,0.04830917874396601,-0.4588659455916133,-1.5828243989713386
2024-05-31,11159.28,8028,16198,2353.77,20.11,30.01,5,spring,-2.897151134717535,-1.185380309515971,0.8272706573711819
2024-06-01,8109.92,5976,11297,1705.86,20.73,31.08,6,summer,3.0830432620586823,3.565478173942016,-27.325777290291132
2024-06-02,8124.2,5765,10910,1450.3,20.4,30.34,6,summer,-1.591895803183796,-2.3809523809523725,0.1760806518436686
2024-06-03,7199.68,5369,9838,1369.01,20.27,30.21,6,summer,-0.637254901960782,-0.428477257745552,-11.379828167696504
2024-06-04,7321.28,5443,9915,1482.56,20.79,30.45,6,summer,2.5653675382338426,0.7944389275074348,1.688963953953504
2024-06-05,7451.28,5313,10985,1445.44,20.25,29.63,6,summer,-2.5974025974025983,-2.6929392446633837,1.7756457887145416
2024-06-06,7409.04,5491,10045,1329.0,20.08,30.6,6,summer,-0.8395061728395103,3.273709078636533,-0.5668824685154727
2024-06-07,7150.88,5127,9210,1242.15,20.28,30.83,6,summer,0.9960159362550014,0.7516339869281019,-3.4843920399943884
2024-06-08,8031.2,6038,11187,1614.54,20.44,30.51,6,summer,0.7889546351084853,-1.0379500486539017,12.310652674915534
2024-06-09,7998.08,5450,11597,1778.68,21.01,30.69,6,summer,2.788649706457935,0.5899705014749346,-0.4123916724773413
2024-06-10,7332.76,5333,10548,1254.02,21.14,30.61,6,summer,0.6187529747739173,-0.26067122841316737,-8.318496439145395
2024-06-11,7403.6,5000,9956,1304.97,20.48,29.8,6,summer,-3.122043519394513,-2.646194054230644,0.9660755295413992
2024-06-12,7179.48,5205,9918,1459.4,20.88,30.17,6,summer,1.953125,1.241610738255039,-3.027175968447793
2024-06-13,7184.8,5348,10229,1527.19,20.67,29.81,6,summer,-1.0057471264367734,-1.1932383162081672,0.0741000741000919
2024-06-14,7501.04,5000,10839,1709.86,21.28,29.99,6,summer,2.9511369134010534,0.6038242200603783,4.401514307983523
2024-06-15,8018.16,6180,11661,1689.99,20.86,30.17,6,summer,-1.9736842105263275,0.6002000666889051,6.893977368471571
2024-06-16,8074.64,6040,10483,1399.7,21.3,30.1,6,summer,2.1093000958772867,-0.23201856148491462,0.7044010097079667
2024-06-17,7411.04,5317,10839,1710.34,20.51,29.59,6,summer,-3.7089201877934186,-1.6943521594684485,-8.218323045981002
2024-06-18,7441.48,5509,9867,1285.69,21.39,30.11,6,summer,4.290589956118951,1.7573504562352182,0.41073857380340417
2024-06-19,7348.6,5714,10591,1274.95,20.63,30.49,6,summer,-3.553062178588129,1.2620391896379868,-1.2481388110967107
2024-06-20,7395.08,5420,10079,1189.69,21.45,30.02,6,summer,3.974793989335912,-1.5414890127910752,0.6325014288435904
2024-06-21,7350.68,5486,10650,1432.73,20.78,29.67,6,summer,-3.1235431235431155,-1.1658894070619485,-0.600399184322542
2024-06-22,8145.84,6241,10986,1470.24,20.66,30.89,6,summer,-0.5774783445620879,4.111897539602283,10.817502598399065
2024-06-23,7977.24,5886,10996,1646.12,21.01,29.52,6,summer,1.69409486931269,-4.435092262868245,-2.0697681270439916
2024-06-24,7311.0,5000,10190,1598.54,21.34,30.74,6,summer,1.5706806282722363,4.1327913279132655,-8.351760759360383
2024-06-25,7336.4,5273,9982,1565.61,20.96,29.56,6,summer,-1.7806935332708496,-3.8386467143786573,0.3474216933387897
2024-06-26,7419.04,5145,10783,1662.67,21.28,29.56,6,summer,1.526717557251911,0.0,1.1264380350035408
2024-06-27,7209.08,5000,10240,1514.4,21.22,30.58,6,summer,-0.28195488721806106,3.4506089309878307,-2.830015743276759
2024-06-28,7111.6,5268,10774,1429.0,21.12,30.7,6,summer,-0.47125353440149453,0.39241334205364353,-1.3521836350824157
2024-06-29,8002.68,5698,11060,1548.7,21.35,30.28,6,summer,1.0890151515151603,-1.3680781758957594,12.529951065864232
2024-06-30,8035.12,5771,12121,1594.69,21.06,30.33,6,summer,-1.3583138173302256,0.16512549537648358,0.40536420299199794
2024-07-01,7320.32,5638,10046,1390.98,21.54,30.29,7,summer,2.279202279202286,-0.13188262446421906,-8.895946793576204
2024-07-02,7244.32,5075,10159,1406.37,20.87,29.91,7,summer,-3.110492107706586,-1.2545394519643427,-1.0382059800664423
2024-07-03,7345.52,5230,9930,1297.68,21.82,29.58,7,summer,4.551988500239568,-1.1033099297893756,1.3969565121364047
2024-07-04,7323.32,5000,10091,1593.01,21.47,29.94,7,summer,-1.6040329972502376,1.217038539553772,-0.3022250296779605
2024-07-05,7600.0,5491,9976,1221.29,21.68,30.44,7,summer,0.9781089892873851,1.6700066800267255,3.778067870856394
2024-07-06,8004.24,5449,11048,1583.57,21.73,30.57,7,summer,0.23062730627305683,0.4270696452036704,5.318947368421045
2024-07-07,8041.36,5871,11084,1640.99,21.69,30.75,7,summer,-0.18407731247123138,0.5888125613346507,0.4637542102685632
2024-07-08,7390.4,5392,9973,1345.12,21.42,30.52,7,summer,-1.2448132780082943,-0.7479674796747937,-8.095148084403636
2024-07-09,7310.96,5125,9860,1349.93,21.16,30.91,7,summer,-1.2138188608776912,1.2778505897772074,-1.0749079887421464
2024-07-10,7198.28,5346,10008,1447.49,21.78,30.32,7,summer,2.930056710775042,-1.9087673891944323,-1.5412476610458858
2024-07-11,7266.2,5095,9671,1311.75,21.48,29.91,7,summer,-1.377410468319562,-1.3522427440633256,0.9435587390321132
2024-07-12,7336.68,5276,10562,1503.71,21.49,30.27,7,summer,0.04655493482308426,1.2036108324974926,0.969970548567356
2024-07-13,8234.88,5476,12017,1606.81,22.06,29.69,7,summer,2.6523964634713737,-1.9160885365047897,12.2425947431263
2024-07-14,8048.68,6173,11868,1542.74,21.96,30.39,7,summer,-0.453309156844961,2.3576961940047214,-2.261113701717554
2024-07-15,7406.64,5483,10325,1480.74,21.57,29.7,7,summer,-1.775956284153013,-2.2704837117472843,-7.976960197200034
2024-07-16,7311.24,5071,10474,1358.55,21.61,29.51,7,summer,0.18544274455261078,-0.639730639730629,-1.2880334402644134
2024-07-17,7337.88,5326,10103,1267.11,21.74,30.68,7,summer,0.6015733456733008,3.9647577092510877,0.36437047614359397
2024-07-18,7123.2,5000,9992,1335.2,21.76,29.92,7,summer,0.09199632014720294,-2.4771838331160256,-2.9256406482526365
2024-07-19,7459.8,5364,10700,1510.75,21.69,30.54,7,summer,-0.3216911764705843,2.0721925133689645,4.72540431266848
2024-07-20,8182.24,5996,11342,1653.63,21.55,30.24,7,summer,-0.6454587367450415,-0.9823182711198419,9.684441942143218
2024-07-21,7854.68,5962,11062,1491.16,21.87,30.61,7,summer,1.4849187935034758,1.2235449735449766,-4.003304718512279
2024-07-22,7347.28,5290,10109,1641.82,22.42,30.67,7,summer,2.5148605395518997,0.19601437438745428,-6.459843048984815
2024-07-23,7338.0,5434,10324,1238.17,22.18,30.87,7,summer,-1.0704727921498791,0.6521030322790944,-0.12630524493417727
2024-07-24,7446.56,5049,10773,1494.26,22.44,30.62,7,summer,1.1722272317403082,-0.8098477486232603,1.479422185881707
2024-07-25,7466.12,5619,9912,1395.06,22.18,30.29,7,summer,-1.1586452762923471,-1.0777269758327934,0.26267162287014756
2024-07-26,7386.8,5000,10109,1367.9,21.89,30.33,7,summer,-1.3074842200180292,0.1320567844173004,-1.0623992113708236
2024-07-27,8007.64,5974,10483,1335.71,22.17,29.34,7,summer,1.2791228871630977,-3.264094955489605,8.40472193642714
2024-07-28,7967.28,5910,11388,1629.42,21.65,30.78,7,summer,-2.345511953089774,4.907975460122693,-0.5040186621776299
2024-07-29,7224.16,5288,11029,1431.03,21.96,30.62,7,summer,1.4318706697459715,-0.5198180636777128,-9.327148035465049
2024-07-30,7431.48,5560,9848,1489.41,22.13,29.71,7,summer,0.7741347905282137,-2.9719137818419283,2.8698146220460297
2024-07-31,7247.84,5338,10146,1497.1,22.31,29.57,7,summer,0.8133755083596927,-0.4712218108381072,-2.47110938870857
2024-08-01,7229.92,5000,9673,1330.12,22.41,30.4,8,summer,0.44822949350067365,2.80689888400405,-0.24724607607231608
2024-08-02,7416.6,5414,10060,1378.33,22.24,29.77,8,summer,-0.7585899152164344,-2.0723684210526283,2.5820479341403635
2024-08-03,7971.12,5827,10915,1470.02,22.25,29.82,8,summer,0.04496402877698369,0.1679543164259334,7.476741363967321
2024-08-04,8257.12,5890,11337,1626.87,22.04,29.28,8,summer,-0.9438202247191052,-1.810865191146882,3.5879525085559028
2024-08-05,7312.72,5267,10626,1606.6,22.33,30.66,8,summer,1.3157894736842035,4.7131147540983465,-11.437401902842648
2024-08-06,7179.96,5305,10393,1460.29,22.78,30.17,8,summer,2.0152261531571902,-1.5981735159817267,-1.8154667483508247
2024-08-07,7255.12,5214,9555,1380.49,22.7,29.9,8,summer,-0.351185250219499,-0.894928737156131,1.0468024891503447
2024-08-08,7494.16,5674,10966,1331.32,22.09,29.48,8,summer,-2.6872246696035273,-1.4046822742474818,3.2947766542800183
2024-08-09,7277.88,5486,9815,1472.42,22.03,30.27,8,summer,-0.27161611588953916,2.679782903663508,-2.885980550188405
2024-08-10,8018.8,5662,11445,1529.45,22.48,29.3,8,summer,2.0426690876077958,-3.2044928972580045,10.18043716027195
2024-08-11,8060.4,5616,11556,1710.65,22.62,30.44,8,summer,0.6227758007117501,3.890784982935158,0.5187808649673276
2024-08-12,7435.76,5356,10884,1684.56,22.35,29.59,8,summer,-1.1936339522546358,-2.7923784494086723,-7.749491340380121
2024-08-13,7371.64,5496,10028,1467.98,22.85,29.91,8,summer,2.237136465324374,1.0814464346062813,-0.8623193863169343
2024-08-14,7232.12,5000,9884,1425.27,22.81,29.78,8,summer,-0.17505470459520112,-0.4346372450685365,-1.8926588927294374
2024-08-15,7366.16,5473,10614,1720.44,22.75,29.82,8,summer,-0.2630425252082347,0.1343183344526544,1.8533984502469458
2024-08-16,7274.76,5299,10852,1647.48,22.32,30.38,8,summer,-1.8901098901098923,1.8779342723004744,-1.2408093226321415
2024-08-17,8177.44,5610,11903,1724.12,22.31,30.47,8,summer,-0.044802867383519906,0.296247531270577,12.40838185727089
2024-08-18,8088.0,5969,12094,1818.0,22.16,30.13,8,summer,-0.6723442402509994,-1.1158516573679056,-1.0937408284255157
2024-08-19,7459.2,5038,9987,1658.88,22.4,29.35,8,summer,1.0830324909747224,-2.588781944905405,-7.774480712166176
2024-08-20,7503.2,5386,9990,1300.5,22.64,29.3,8,summer,1.0714285714285898,-0.17035775127768327,0.5898755898755992
2024-08-21,7219.32,5000,9837,1239.52,23.04,29.46,8,summer,1.7667844522968101,0.5460750853242269,-3.783452393645381
2024-08-22,7561.4,5600,10088,1339.9,22.28,30.2,8,summer,-3.298611111111105,2.511880515953835,4.738396414066703
2024-08-23,7386.28,5168,9862,1400.14,22.63,30.28,8,summer,1.570915619389579,0.26490066225166586,-2.315973232470181
2024-08-24,8447.72,6134,11473,1720.8,22.87,29.64,8,summer,1.0605391073795989,-2.1136063408190298,14.370427332838709
2024-08-25,8100.96,5858,10902,1588.69,22.45,30.26,8,summer,-1.8364669873196404,2.0917678812415685,-4.10477619996874
2024-08-26,7497.68,5437,9845,1416.63,22.96,29.97,8,summer,2.2717149220490063,-0.9583608724388681,-7.447018624953083
2024-08-27,7473.56,5202,10222,1526.78,22.78,29.9,8,summer,-0.7839721254355392,-0.23356690023357274,-0.3216995123825006
2024-08-28,7266.72,5000,10119,1295.48,22.54,29.62,8,summer,-1.0535557506584858,-0.9364548494983249,-2.767623461911062
2024-08-29,7686.24,5000,11000,1800.6,22.96,30.39,8,summer,1.8633540372670954,2.599594868332211,5.773168637294401
2024-08-30,7431.8,5048,10081,1523.55,22.33,29.36,8,summer,-2.743902439024404,-3.3892727871010275,-3.310331189242066
2024-08-31,8284.28,6174,11092,1694.63,23.08,29.86,8,summer,3.3587102552619763,1.7029972752043543,11.47070696197423
2024-09-01,11592.8,8318,17225,2298.88,23.11,29.63,9,autumn,0.12998266897747968,-0.7702612190221059,39.937327082136264
2024-09-02,10560.0,7249,15719,2411.78,22.46,30.26,9,autumn,-2.8126352228472484,2.1262234222072296,-8.908977986336343
2024-09-03,10583.92,6916,14216,1983.16,22.79,29.94,9,autumn,1.4692787177203792,-1.0575016523463376,0.22651515151514978
2024-09-04,10977.0,7421,15115,2278.43,22.55,30.23,9,autumn,-1.0530934620447518,0.9686038744154857,3.713935857413886
2024-09-05,10367.92,7844,13531,1772.49,23.34,29.23,9,autumn,3.5033259423503216,-3.3079722130334055,-5.54869272114421
2024-09-06,10630.0,7506,15147,2042.74,22.91,29.79,9,autumn,-1.8423307626392438,1.9158398905234408,2.5277972823864348
2024-09-07,11824.56,8078,17386,2878.16,22.45,30.11,9,autumn,-2.0078568310781364,1.0741859684457955,11.237629350893696
2024-09-08,11788.36,8616,15636,2207.34,22.66,29.16,9,autumn,0.9354120267260679,-3.155097974094978,-0.3061424695718018
2024-09-09,10699.96,7335,15664,2470.29,23.27,29.63,9,autumn,2.6919682259488154,1.6117969821673572,-9.232836459015514
2024-09-10,10497.68,7828,15657,2137.33,22.88,29.48,9,autumn,-1.6759776536312887,-0.5062436719540986,-1.890474356913474
2024-09-11,10231.68,7478,14291,1958.73,23.23,29.36,9,autumn,1.5297202797202925,-0.4070556309362261,-2.533893203069626
2024-09-12,10697.8,7910,14557,2135.57,23.1,29.54,9,autumn,-0.5596211795092509,0.6130790190735702,4.555654594357916
2024-09-13,10583.92,7919,15629,1933.24,23.43,29.66,9,autumn,1.4285714285714235,0.4062288422478133,-1.0645179382676728
2024-09-14,11499.8,7902,15873,2365.51,23.04,29.14,9,autumn,-1.6645326504481472,-1.7532029669588667,8.653504561636893
2024-09-15,11734.72,8282,16856,2338.08,23.4,30.32,9,autumn,1.5625,4.049416609471512,2.0428181359675834
2024-09-16,10539.2,7667,15159,2349.92,23.34,29.4,9,autumn,-0.2564102564102555,-3.034300791556732,-10.187886886095265
2024-09-17,10746.84,7682,14182,1799.18,23.06,29.73,9,autumn,-1.1996572407883543,1.122448979591839,1.9701685137391678
2024-09-18,10713.28,7710,15658,2182.95,23.17,30.24,9,autumn,0.4770164787510911,1.7154389505549927,-0.3122778416725258
2024-09-19,10361.28,7036,14012,1737.57,22.96,29.91,9,autumn,-0.9063444108761365,-1.0912698412698374,-3.2856417455718545
2024-09-20,10685.24,7945,14488,2115.34,23.29,30.44,9,autumn,1.4372822299651533,1.7719826145101925,3.1266407239259886
2024-09-21,11523.68,8308,15197,1910.11,23.0,30.39,9,autumn,-1.2451696006869906,-0.16425755584756896,7.84671191288171
2024-09-22,11170.32,7909,15888,2171.55,23.35,29.22,9,autumn,1.521739130434785,-3.8499506416584506,-3.0663815725532118
2024-09-23,10672.16,7450,14853,2117.06,23.2,30.48,9,autumn,-0.6423982869379063,4.3121149897330735,-4.45967528235538
2024-09-24,10530.4,7922,14891,1973.24,22.92,29.16,9,autumn,-1.2068965517241237,-4.330708661417326,-1.3283159173025916
2024-09-25,10414.4,6876,15006,2470.59,22.71,29.12,9,autumn,-0.9162303664921545,-0.137174211248281,-1.1015725898351425
2024-09-26,10445.36,7204,13704,1946.71,22.69,30.56,9,autumn,-0.08806693086745865,4.9450549450549275,0.2972806882777679
2024-09-27,10604.8,7558,15340,2305.35,23.08,30.46,9,autumn,1.7188188629351897,-0.3272251308900409,1.526419386215494
2024-09-28,11526.36,8336,15139,1783.87,23.2,30.0,9,autumn,0.5199306759098743,-1.5101772816808912,8.69002715751359
2024-09-29,11721.12,8955,17264,2520.07,22.95,29.99,9,autumn,-1.0775862068965525,-0.033333333333340764,1.6896921491259986
2024-09-30,10289.92,7856,14870,2092.93,23.05,30.21,9,autumn,0.43572984749455923,0.7335778592864273,-12.210437227841709
2024-10-01,10415.52,8063,15387,2100.58,22.69,29.74,10,autumn,-1.5618221258134501,-1.555776233035422,1.220612016419964
2024-10-02,10552.32,7121,15503,2316.53,22.49,29.25,10,autumn,-0.8814455707360169,-1.6476126429051718,1.3134245817779444
2024-10-03,10449.72,7138,14163,2115.86,22.69,29.1,10,autumn,0.8892841262783557,-0.512820512820511,-0.9722980349345045
2024-10-04,10391.96,7110,14427,2268.56,22.67,29.58,10,autumn,-0.08814455707359947,1.6494845360824684,-0.5527420830414576
2024-10-05,11765.08,8007,15305,2102.57,22.71,30.34,10,autumn,0.1764446404940445,2.5693035835023803,13.21329181405626
2024-10-06,11232.2,7785,15844,2414.54,22.92,30.04,10,autumn,0.9247027741083214,-0.9887936717205004,-4.529335967116244
2024-10-07,10639.72,7623,15400,2053.51,22.51,30.38,10,autumn,-1.7888307155322858,1.131824234354184,-5.27483484980682
2024-10-08,10753.48,7562,14585,2049.17,22.59,30.52,10,autumn,0.35539760106617635,0.4608294930875667,1.0692010692010756
2024-10-09,10790.88,7756,15802,2353.44,23.04,29.18,10,autumn,1.9920318725099584,-4.390563564875494,0.3477943884212298
2024-10-10,10996.76,8215,15254,1944.22,23.04,30.39,10,autumn,0.0,4.146675805346134,1.9079074181160394
2024-10-11,10737.88,8027,13560,1875.71,22.39,29.42,10,autumn,-2.821180555555547,-3.1918394208621192,-2.3541479490322703
2024-10-12,11239.4,7609,15798,2341.21,22.72,29.97,10,autumn,1.4738722644037416,1.8694765465669505,4.670568119591589
2024-10-13,11289.6,8372,15883,2262.75,22.84,29.87,10,autumn,0.5281690140845008,-0.3336670003336595,0.4466430592380499
2024-10-14,10701.08,7968,14303,2265.07,22.7,29.66,10,autumn,-0.6129597197898407,-0.7030465349849413,-5.212939342403633
2024-10-15,10512.16,7216,15197,2377.32,22.47,29.52,10,autumn,-1.013215859030836,-0.47201618341200513,-1.7654292837732233
2024-10-16,10494.6,7700,14212,2128.82,22.67,29.56,10,autumn,0.8900756564307999,0.13550135501354532,-0.16704464163406207
2024-10-17,10445.08,7478,15001,2228.26,23.14,29.55,10,autumn,2.0732245258050286,-0.03382949932340118,-0.47186171936043353
2024-10-18,10435.56,7082,14352,2056.56,22.8,29.28,10,autumn,-1.4693171996542742,-0.9137055837563413,-0.09114338999797189
2024-10-19,11884.52,8143,15949,2356.52,22.9,29.82,10,autumn,0.43859649122806044,1.8442622950819665,13.884832246664303
2024-10-20,11511.04,8705,17080,2225.93,23.04,29.19,10,autumn,0.6113537117903967,-2.1126760563380254,-3.142575383776536
2024-10-21,10569.96,7540,14257,1954.35,22.93,29.82,10,autumn,-0.477430555555558,2.1582733812949506,-8.175455910152351
2024-10-22,10655.48,7261,15357,2088.39,22.53,30.45,10,autumn,-1.7444395987788908,2.1126760563380254,0.8090853702379164
2024-10-23,10600.32,7916,15832,1890.48,22.13,29.55,10,autumn,-1.7754105636928585,-2.9556650246305383,-0.5176679042145471
2024-10-24,10365.4,7547,14076,1871.3,22.46,30.15,10,autumn,1.4911884319927848,2.030456852791862,-2.216159512165672
2024-10-25,10366.76,7494,13943,2016.16,22.84,30.3,10,autumn,1.6918967052537814,0.4975124378109541,0.013120574218072889
2024-10-26,11576.92,8249,16919,2196.6,22.92,30.29,10,autumn,0.3502626970227851,-0.03300330033003673,11.673464033121238
2024-10-27,11554.48,7808,16080,2044.32,23.0,29.36,10,autumn,0.3490401396160525,-3.0703202377022065,-0.193833938560517
2024-10-28,10556.12,7944,15522,1937.94,22.44,29.21,10,autumn,-2.4347826086956514,-0.5108991825613085,-8.640458073405288
2024-10-29,10444.48,7787,15435,2092.13,22.75,29.29,10,autumn,1.3814616755793097,0.2738788086271704,-1.057585552267326
2024-10-30,10180.84,6959,13640,1838.46,22.52,29.93,10,autumn,-1.0109890109890163,2.1850460908159786,-2.524204172921962
2024-10-31,10720.64,7528,14704,2157.79,22.55,30.18,10,autumn,0.1332149200710564,0.8352823254260011,5.302116524766132
2024-11-01,10314.12,7569,14832,2092.21,22.15,30.01,11,autumn,-1.7738359201773912,-0.5632869449966771,-3.7919377947585042
2024-11-02,11795.36,8469,15680,2417.3,22.12,29.24,11,autumn,-0.13544018058689877,-2.5658113962012785,14.361283366879585
2024-11-03,11401.28,7854,15123,2315.75,22.31,30.19,11,autumn,0.8589511754068635,3.248974008207939,-3.340974756175308
2024-11-04,10346.52,7521,15149,2204.9,21.88,29.74,11,autumn,-1.92738682205289,-1.4905597880092825,-9.25124196581436
2024-11-05,10963.08,7679,15411,2064.39,22.16,30.16,11,autumn,1.2797074954296273,1.412239408204452,5.959105090407202
2024-11-06,10691.68,7663,15226,2107.21,22.48,30.16,11,autumn,1.4440433212996373,0.0,-2.47558167960098
2024-11-07,10422.88,7128,15369,1961.23,22.18,29.66,11,autumn,-1.3345195729537407,-1.6578249336870021,-2.514104425123098
2024-11-08,10401.72,6848,13890,2034.11,21.91,30.42,11,autumn,-1.2173128944995448,2.562373567093723,-0.20301490566906333
2024-11-09,11423.72,8373,15257,1791.62,22.18,29.84,11,autumn,1.2323140118667197,-1.9066403681788358,9.82529812377184
2024-11-10,11359.48,8166,15385,2151.79,21.81,29.95,11,autumn,-1.6681695220919779,0.3686327077748075,-0.5623387127835722
2024-11-11,10408.16,7305,14330,2107.42,22.28,29.93,11,autumn,2.1549747822100063,-0.06677796327211327,-8.374679122635897
2024-11-12,10853.36,7200,15391,2061.31,21.66,30.31,11,autumn,-2.782764811490135,1.2696291346474986,4.277413106639405
2024-11-13,10755.92,7645,14265,1924.96,21.99,29.93,11,autumn,1.5235457063711877,-1.2537116463213427,-0.89778649192509
2024-11-14,10526.2,7784,14278,1871.36,22.13,29.16,11,autumn,0.6366530241018742,-2.5726695623120577,-2.1357540777543815
2024-11-15,10646.6,7165,14507,2131.22,21.56,29.02,11,autumn,-2.57568910980569,-0.4801097393690057,1.1438125819384082
2024-11-16,11604.24,7786,17146,2706.27,22.15,29.62,11,autumn,2.736549165120583,2.0675396278428737,8.994796460841957
2024-11-17,11921.32,7969,15630,2174.56,21.61,29.39,11,autumn,-2.4379232505643333,-0.7765023632680612,2.732449518451885
2024-11-18,10598.72,7355,14521,2133.49,21.9,29.34,11,autumn,1.3419713095788932,-0.17012589316094395,-11.094409008398397
2024-11-19,10605.52,7638,15220,1811.82,21.46,28.99,11,autumn,-2.0091324200913085,-1.192910702113159,0.06415869086078274
2024-11-20,10209.24,7212,13873,2085.32,21.76,29.71,11,autumn,1.3979496738117492,2.4836150396688517,-3.7365447427377463
2024-11-21,10722.52,7510,15214,2066.83,21.56,29.39,11,autumn,-0.9191176470588314,-1.0770784247728038,5.0276024464112945
2024-11-22,10461.04,7608,14150,2215.46,21.64,29.61,11,autumn,0.37105751391466324,0.7485539299081356,-2.4386058501173147
2024-11-23,11515.28,8842,15824,2196.32,22.04,28.98,11,autumn,1.8484288354898348,-2.127659574468077,10.077774293951647
2024-11-24,11457.48,8246,15959,2435.53,21.62,30.21,11,autumn,-1.9056261343012637,4.244306418219468,-0.5019417678076565
2024-11-25,10660.92,8059,14547,2102.09,21.96,29.0,11,autumn,1.5726179463459777,-4.005296259516722,-6.952314121429836
2024-11-26,10515.52,7478,14887,2193.84,22.01,30.26,11,autumn,0.22768670309654127,4.344827586206912,-1.363859779456178
2024-11-27,10395.8,7081,15299,2209.06,21.39,30.24,11,autumn,-2.8169014084507116,-0.06609385327165374,-1.1385076534493832
2024-11-28,10881.96,6846,14387,2124.63,21.19,29.85,11,autumn,-0.935016362786345,-1.289682539682535,4.676503972758228
2024-11-29,10697.4,7092,15439,2068.61,21.09,29.68,11,autumn,-0.47192071731949614,-0.5695142378559503,-1.696017996757937
2024-11-30,11671.36,7775,15661,2230.28,21.57,29.6,11,autumn,2.2759601706970223,-0.26954177897573484,9.10464224951859
2024-12-01,15441.64,10387,22655,3402.19,22.0,29.75,12,winter,1.9935095039406603,0.5067567567567544,32.30369040111862
2024-12-02,13378.68,10071,18197,2597.92,21.31,30.12,12,winter,-3.136363636363637,1.243697478991601,-13.35972085866527
2024-12-03,14100.8,10648,18867,2809.42,21.57,30.29,12,winter,1.2200844673862177,0.5644090305444882,5.397542956405266
2024-12-04,13767.16,9993,18808,2811.35,21.67,29.57,12,winter,0.46360686138156026,-2.377022119511385,-2.366106887552477
2024-12-05,13496.4,9633,19073,2534.02,21.5,30.14,12,winter,-0.7844946931241381,1.9276293540750666,-1.9667091833028727
2024-12-06,13799.44,9448,20447,3190.01,21.57,29.89,12,winter,0.32558139534883956,-0.8294625082946205,2.245339497940191
2024-12-07,14666.2,10339,21727,2856.2,21.72,29.35,12,winter,0.6954102920723182,-1.8066242890598883,6.2811244514270115
2024-12-08,14703.36,11244,21710,3098.37,20.94,29.6,12,winter,-3.5911602209944604,0.8517887563884052,0.2533716981903966
2024-12-09,13700.2,9577,19808,2900.06,20.72,29.07,12,winter,-1.0506208213944768,-1.7905405405405417,-6.822658222338296
2024-12-10,13661.52,9734,19245,2996.94,20.81,28.93,12,winter,0.4343629343629418,-0.4815961472308228,-0.2823316447935098
2024-12-11,13804.0,9317,18949,2975.14,20.75,28.99,12,winter,-0.28832292167226825,0.20739716557207633,1.0429293372918869
2024-12-12,13872.68,9969,20551,2824.62,21.25,30.26,12,winter,2.4096385542168752,4.380820972749233,0.4975369458128043
2024-12-13,13602.44,9882,19552,2859.73,21.11,29.37,12,winter,-0.6588235294117673,-2.941176470588236,-1.9480013955486597
2024-12-14,15479.96,11228,21962,3406.77,20.72,29.96,12,winter,-1.847465656087166,2.0088525706503324,13.802817729760243
2024-12-15,14581.0,9828,20519,2732.2,21.17,29.62,12,winter,2.171814671814687,-1.1348464619492682,-5.807250147933196
2024-12-16,13826.36,10518,18647,2677.57,21.2,29.08,12,winter,0.14170996693432247,-1.82309250506415,-5.1755023660928545
2024-12-17,13564.2,9597,17723,2190.38,20.56,29.2,12,winter,-3.018867924528301,0.4126547455295837,-1.8960883414000484
2024-12-18,13768.24,10181,19876,2761.87,20.96,29.5,12,winter,1.945525291828809,1.0273972602739656,1.5042538446793596
2024-12-19,13788.4,10042,18095,2169.43,21.06,29.5,12,winter,0.4770992366412097,0.0,0.14642394380108836
2024-12-20,14302.8,10418,19784,2685.02,20.39,29.63,12,winter,-3.1813865147198417,0.44067796610169907,3.730672159206283
2024-12-21,15516.6,11008,21815,2653.47,21.05,29.04,12,winter,3.236880823933297,-1.9912251096861233,8.486450205554164
2024-12-22,15234.72,10911,20766,2763.56,21.16,29.38,12,winter,0.5225653206650804,1.1707988980716344,-1.816635087583629
2024-12-23,13787.24,9921,18884,2759.8,20.26,29.24,12,winter,-4.25330812854442,-0.47651463580666853,-9.501192014031101
2024-12-24,14156.32,9663,19889,2968.08,20.14,29.43,12,winter,-0.5923000987166915,0.6497948016416011,2.6769679790879186
2024-12-25,13647.08,9005,20405,2931.23,20.38,29.32,12,winter,1.1916583912611634,-0.3737682636765216,-3.5972625654124735
2024-12-26,13388.8,9436,19157,2750.94,20.71,29.73,12,winter,1.6192345436702782,1.3983628922237479,-1.8925660287768542
2024-12-27,14165.8,10031,18886,2781.74,20.95,30.03,12,winter,1.1588604538870007,1.0090817356205983,5.803358030592731
2024-12-28,15334.96,10919,20476,3230.76,20.35,29.8,12,winter,-2.863961813842475,-0.7659007659007622,8.253399031470154
2024-12-29,15258.24,11198,22340,2987.28,20.63,28.87,12,winter,1.375921375921374,-3.1208053691275106,-0.500294751339414
2024-12-30,14063.08,9662,19762,2941.9,19.95,28.91,12,winter,-3.296170625302952,0.13855213023898916,-7.83288242942829
2024-12-31,13839.24,9668,19511,2704.68,20.52,29.84,12,winter,2.857142857142869,3.216879972327913,-1.5916854629284605
2025-01-01,13734.72,9416,20360,2653.11,20.42,29.21,1,winter,-0.4873294346978474,-2.1112600536193016,-0.755243785063342
2025-01-02,13629.8,10233,20565,2657.75,19.86,29.91,1,winter,-2.7424094025465307,2.396439575487852,-0.7639034505253828
2025-01-03,13857.4,10155,19453,2703.63,20.49,29.8,1,winter,3.1722054380664666,-0.36776997659645483,1.6698704309674461
2025-01-04,15566.8,11371,21526,3349.14,20.52,30.19,1,winter,0.14641288433383526,1.3087248322147582,12.335647379739335
2025-01-05,15155.24,10747,20153,3033.62,20.24,30.14,1,winter,-1.3645224171540016,-0.1656177542232573,-2.6438317444818393
2025-01-06,14239.24,10442,19412,2599.3,19.72,29.27,1,winter,-2.5691699604743046,-2.8865295288653003,-6.044114114985977
2025-01-07,13798.76,10477,20428,2878.8,20.54,29.66,1,winter,4.158215010141997,1.3324222753672732,-3.093423525412875
2025-01-08,13441.96,9302,17368,2225.17,20.3,28.96,1,winter,-1.1684518013631906,-2.3600809170600145,-2.585739588194891
2025-01-09,13894.04,9533,19579,2910.59,19.83,29.29,1,winter,-2.3152709359606005,1.1395027624309328,3.363200009522438
2025-01-10,13538.4,10267,18206,2474.42,19.87,30.27,1,winter,0.20171457387798686,3.345851826561974,-2.5596586737910765
2025-01-11,15502.92,10557,22578,3195.39,19.77,29.84,1,winter,-0.5032712632108804,-1.4205483977535516,14.510725048750217
2025-01-12,14973.44,9935,20590,2981.9,19.87,29.34,1,winter,0.5058168942842833,-1.6756032171581725,-3.415356590887386
2025-01-13,13914.64,9584,19289,2671.17,19.66,29.66,1,winter,-1.0568696527428312,1.0906612133606108,-7.071187382458543
2025-01-14,13102.28,9429,19175,2827.71,20.13,30.21,1,winter,2.390640895218721,1.854349291975721,-5.8381675702713025
2025-01-15,13828.32,10037,20158,2589.32,20.07,29.2,1,winter,-0.29806259314455463,-3.343263819927178,5.5413256318747495
2025-01-16,14374.32,10637,20459,2883.58,19.31,29.3,1,winter,-3.7867463876432583,0.34246575342467,3.9484188968724965
2025-01-17,13957.24,9614,19665,2635.39,20.13,29.96,1,winter,4.246504401864315,2.2525597269624553,-2.9015633435181654
2025-01-18,15010.32,10207,22149,3068.01,19.77,30.0,1,winter,-1.788375558867361,0.1335113484646211,7.545044722308991
2025-01-19,15273.12,11570,20209,2661.11,19.92,29.76,1,winter,0.758725341426425,-0.7999999999999896,1.7507954527285374
2025-01-20,13883.88,9134,19810,2657.45,19.77,30.01,1,winter,-0.7530120481927804,0.8400537634408511,-9.09598038907572
2025-01-21,13217.52,9588,18505,2687.01,19.46,29.87,1,winter,-1.568032372281225,-0.46651116294568196,-4.799522899938625
2025-01-22,13735.92,9971,19204,2953.11,19.72,29.78,1,winter,1.336073997944487,-0.3013056578506812,3.9220670746100694
2025-01-23,13675.36,10467,18886,2691.24,19.91,29.52,1,winter,0.9634888438133871,-0.8730691739422536,-0.44088783277712595
2025-01-24,13667.4,9595,18181,2441.08,19.18,29.71,1,winter,-3.6664992466097446,0.6436314363143625,-0.05820687718641748
2025-01-25,15053.44,10921,20459,3346.67,19.69,29.35,1,winter,2.6590198123044972,-1.2117132278694043,10.141211934969352
2025-01-26,15328.4,10542,22223,3391.89,19.38,29.25,1,winter,-1.574403250380918,-0.34071550255536653,1.8265592449300483
2025-01-27,13550.36,10129,18965,2546.9,19.29,29.24,1,winter,-0.4643962848297156,-0.03418803418804295,-11.599645103207113
2025-01-28,13463.92,9059,18333,2789.23,19.21,28.95,1,winter,-0.4147226542249749,-0.9917920656634771,-0.6379166309972595
2025-01-29,13399.12,9276,18097,2654.73,19.47,29.0,1,winter,1.3534617386777636,0.17271157167531026,-0.48128628215259317
2025-01-30,13712.32,9929,19378,2997.09,18.97,30.17,1,winter,-2.56805341551104,4.0344827586207055,2.337466938127264
2025-01-31,14133.72,9058,18625,3138.77,19.52,29.43,1,winter,2.8993147074327874,-2.452767649983434,3.073148817997251
2025-02-01,14867.76,9988,19858,2983.34,19.47,29.01,2,winter,-0.2561475409836089,-1.4271151885830724,5.193537157945682
2025-02-02,15033.76,10855,20393,3144.66,18.69,28.86,2,winter,-4.00616332819721,-0.5170630816959787,1.1165098172152277
2025-02-03,14665.72,9543,20498,3036.62,19.45,28.76,2,winter,4.066345639379332,-0.34650034650034467,-2.448090165068495
2025-02-04,13798.24,8961,19684,2923.59,18.78,29.99,2,winter,-3.4447300771208167,4.276773296244762,-5.915018151171569
2025-02-05,13706.2,9667,20394,2604.33,18.97,28.79,2,winter,1.0117145899893432,-4.001333777925975,-0.6670415937104934
2025-02-06,14146.16,9262,20327,3113.32,19.08,29.86,2,winter,0.579862941486553,3.716568252865571,3.2099341903663925
2025-02-07,13381.4,9641,19404,2658.53,18.82,29.96,2,winter,-1.3626834381551212,0.33489618218351946,-5.4061314165823156
2025-02-08,15282.76,10037,19374,2345.54,18.44,30.04,2,winter,-2.019128586609986,0.2670226969292422,14.208976639215631
2025-02-09,14778.48,10869,20865,3210.58,19.23,28.68,2,winter,4.28416485900216,-4.52729693741678,-3.2996657671781837
2025-02-10,13679.72,10382,18705,2634.25,18.53,29.15,2,winter,-3.64014560582423,1.6387726638772637,-7.434864749284098
2025-02-11,14192.72,10172,18952,2873.57,18.53,29.84,2,winter,0.0,2.3670668953687857,3.750076755956999
2025-02-12,13665.12,9173,18987,2574.58,19.09,28.82,2,winter,3.0221262817053285,-3.4182305630026777,-3.7173987790923735
2025-02-13,13433.48,9760,17332,2461.09,18.6,29.21,2,winter,-2.56678889470926,1.3532269257460205,-1.6951186670881913
2025-02-14,13803.04,9895,19648,2696.13,19.11,28.86,2,winter,2.741935483870961,-1.198219787743926,2.7510369613830576
2025-02-15,14982.16,11146,21571,3087.41,18.91,29.93,2,winter,-1.0465724751439032,3.7075537075537124,8.542466007488203
2025-02-16,15279.04,10152,20636,3028.98,18.45,29.83,2,winter,-2.432575356953992,-0.3341129301704049,1.9815567314726446
2025-02-17,13754.4,9646,19402,2839.53,18.16,29.89,2,winter,-1.5718157181571768,0.2011397921555469,-9.978637401302704
2025-02-18,13627.44,9333,17618,2264.55,19.07,28.85,2,winter,5.011013215859039,-3.479424556707922,-0.9230500785203266
2025-02-19,13875.64,9690,18862,2832.71,18.18,29.28,2,winter,-4.667016255899325,1.4904679376083196,1.8213252085498066
2025-02-20,13780.0,9648,19184,2983.44,18.79,29.24,2,winter,3.355335533553361,-0.1366120218579292,-0.6892655041497164
2025-02-21,13827.52,9749,19760,2565.1,18.53,29.66,2,winter,-1.383714741883968,1.4363885088919393,0.3448476052249738
2025-02-22,15300.92,11785,20313,2652.73,18.78,28.95,2,winter,1.3491635186184459,-2.393796358732303,10.655562241096007
2025-02-23,14955.8,11052,21770,2884.56,18.69,29.28,2,winter,-0.4792332268370614,1.1398963730570033,-2.255550646627791
2025-02-24,13803.04,8972,20100,2797.51,18.62,29.02,2,winter,-0.3745318352059934,-0.8879781420765065,-7.70777892188983
2025-02-25,13725.84,10356,18809,2555.09,18.44,29.76,2,winter,-0.9667024704618665,2.549965541006216,-0.5592970823818599
2025-02-26,13848.96,9876,20443,2900.66,18.72,29.28,2,winter,1.5184381778741818,-1.6129032258064502,0.8969942823171317
2025-02-27,13658.28,9242,20281,2456.64,18.0,29.41,2,winter,-3.8461538461538436,0.44398907103824214,-1.376854290863705
2025-02-28,13729.8,9298,18983,2607.5,18.1,29.05,2,winter,0.5555555555555536,-1.2240734444066592,0.52363840835008
2025-03-01,12200.52,8372,18110,2754.04,18.55,29.84,3,spring,2.4861878453038555,2.719449225473314,-11.138399685355937
2025-03-02,12121.8,9383,16356,2066.92,18.15,29.3,3,spring,-2.1563342318059453,-1.8096514745308268,-0.6452184005272033
2025-03-03,11088.24,8030,15890,2280.7,18.4,29.88,3,spring,1.377410468319562,1.9795221843003308,-8.526456466861354
2025-03-04,10989.72,8194,15642,2009.14,18.27,29.13,3,spring,-0.7065217391304279,-2.510040160642568,-0.8885089067336205
2025-03-05,11118.6,7581,16451,2336.94,18.31,30.05,3,spring,0.21893814997262506,3.158256093374523,1.1727323353097452
2025-03-06,10824.44,8002,16508,2098.92,18.19,30.11,3,spring,-0.6553795740032675,0.19966722129782788,-2.645656827298404
2025-03-07,11089.72,7496,15717,2189.98,18.49,29.27,3,spring,1.6492578339746933,-2.7897708402524035,2.4507503390475582
2025-03-08,12164.68,8274,16571,2359.91,18.06,28.98,3,spring,-2.3255813953488413,-0.9907755380936134,9.69330154413277
2025-03-09,12068.64,8214,16397,2490.36,18.41,29.13,3,spring,1.9379844961240345,0.5175983436852993,-0.7894987784306751
2025-03-10,11019.28,7350,15605,2055.83,18.0,29.36,3,spring,-2.2270505160238985,0.7895640233436252,-8.69493165758527
2025-03-11,10703.28,7481,14131,1860.31,18.0,30.06,3,spring,0.0,2.3841961852860916,-2.867700975018328
2025-03-12,11198.24,7736,15545,2370.52,18.0,29.82,3,spring,0.0,-0.7984031936127733,4.624376826542886
2025-03-13,11063.64,7352,16291,2376.35,18.0,29.79,3,spring,0.0,-0.1006036217303885,-1.2019745960079486
2025-03-14,11244.12,7289,16403,2666.06,18.0,28.73,3,spring,0.0,-3.5582410204766712,1.6312895213510314
2025-03-15,12006.2,9273,16036,2168.46,18.16,28.9,3,spring,0.8888888888888946,0.591715976331364,6.777586863178264
2025-03-16,11800.6,8268,17215,2327.06,18.37,29.52,3,spring,1.156387665198233,2.145328719723194,-1.712448568239744
2025-03-17,11205.6,7850,16377,2228.52,18.0,29.89,3,spring,-2.0141535111595,1.2533875338753386,-5.042116502550719
2025-03-18,10750.96,7711,14628,2010.22,18.0,29.38,3,spring,0.0,-1.7062562730010056,-4.057257085742849
2025-03-19,11099.44,8080,15362,2200.85,18.06,28.65,3,spring,0.3333333333333188,-2.4846834581347843,3.2413849553900365
2025-03-20,11052.84,7994,14849,2061.56,18.29,29.84,3,spring,1.2735326688815052,4.153577661431074,-0.41984100098744204
2025-03-21,10713.8,7716,15102,2162.59,18.53,29.84,3,spring,1.3121924548934016,0.0,-3.0674469186200204
2025-03-22,11642.36,8566,16157,1949.47,18.07,28.93,3,spring,-2.4824608742579635,-3.0495978552278813,8.6669529018649
2025-03-23,11740.88,8783,17755,2217.7,18.0,29.7,3,spring,-0.3873824017708971,2.6615969581748944,0.8462201821623605
2025-03-24,10949.64,8185,14628,1861.42,18.0,28.91,3,spring,0.0,-2.6599326599326623,-6.739188203950642
2025-03-25,11210.36,8051,14202,1823.17,18.0,29.92,3,spring,0.0,3.4936008301625687,2.381082848385896
2025-03-26,10605.4,7685,14015,2052.33,18.0,28.7,3,spring,0.0,-4.077540106951883,-5.396436867326305
2025-03-27,11303.0,7563,15189,2237.47,18.0,29.16,3,spring,0.0,1.6027874564459976,6.577781130367555
2025-03-28,10882.56,8162,15345,2098.72,18.0,29.97,3,spring,0.0,2.777777777777768,-3.719720428204909
2025-03-29,12234.4,9199,16290,2405.99,18.03,28.81,3,spring,0.16666666666667052,-3.870537203870539,12.422077158315691
2025-03-30,12351.72,9211,17520,2097.25,18.0,29.17,3,spring,-0.16638935108154174,1.249566122874013,0.9589354606682754
2025-03-31,11209.4,8145,15026,2204.08,18.46,29.01,3,spring,2.5555555555555554,-0.5485087418580781,-9.248266638168612
2025-04-01,11087.16,7844,16112,2270.0,18.04,28.49,4,spring,-2.275189599133265,-1.792485349879358,-1.0905133191785432
2025-04-02,11070.08,7924,14375,1962.03,18.18,28.53,4,spring,0.77605321507761,0.14040014040015425,-0.15405207465212234
2025-04-03,10869.52,8173,16324,2139.6,18.0,29.24,4,spring,-0.990099009900991,2.488608482299326,-1.8117303578655264
2025-04-04,11136.44,7827,15938,2305.41,18.34,28.81,4,spring,1.8888888888888955,-1.4705882352941124,2.4556742156047306
2025-04-05,11974.24,8778,15130,1918.71,18.0,30.02,4,spring,-1.8538713195201728,4.1999305796598385,7.523050454184643
2025-04-06,12088.04,9196,18039,2303.48,18.35,29.03,4,spring,1.9444444444444597,-3.2978014656895316,0.9503734683787846
2025-04-07,11321.4,8062,15142,2070.98,18.05,28.47,4,spring,-1.6348773841961872,-1.9290389252497486,-6.342136525028053
2025-04-08,11225.52,7972,15654,2036.32,18.0,29.91,4,spring,-0.27700831024931594,5.057955742887255,-0.8468917271715393
2025-04-09,10891.68,7493,15108,2133.41,18.0,29.76,4,spring,0.0,-0.5015045135406182,-2.973937955658179
2025-04-10,10895.48,7370,15354,2308.68,18.0,29.45,4,spring,0.0,-1.041666666666674,0.03488901620318785
2025-04-11,10855.28,8121,14538,2022.4,18.0,29.68,4,spring,0.0,0.7809847198641862,-0.36896033951693274
2025-04-12,12312.6,9083,17934,2359.45,18.42,28.63,4,spring,2.333333333333343,-3.5377358490566113,13.424987655776732
2025-04-13,12026.04,8851,16497,2278.52,18.0,28.86,4,spring,-2.2801302931596212,0.8033531260915217,-2.3273719604307685
2025-04-14,11189.36,7223,15081,2393.68,18.31,29.73,4,spring,1.722222222222225,3.014553014553023,-6.957236130929223
2025-04-15,10939.88,7546,14848,2080.03,18.0,29.51,4,spring,-1.6930638995084624,-0.7399932727884306,-2.2296181372303825
2025-04-16,11083.48,7533,14884,1930.99,18.0,28.61,4,spring,0.0,-3.049813622500852,1.3126286577183732
2025-04-17,11077.64,7876,16510,2497.3,18.14,29.52,4,spring,0.7777777777777883,3.1807060468367787,-0.05269103205852721
2025-04-18,10840.0,8173,15951,2288.49,18.0,29.1,4,spring,-0.7717750826901959,-1.4227642276422703,-2.1452222675587884
2025-04-19,12470.68,8382,16448,2346.39,18.0,28.45,4,spring,0.0,-2.2336769759450203,15.043173431734314
2025-04-20,11641.0,8291,16651,2226.78,18.09,28.5,4,spring,0.49999999999998934,0.17574692442883233,-6.653045383250955
2025-04-21,11299.84,8033,15494,2085.35,18.0,28.78,4,spring,-0.497512437810943,0.9824561403508847,-2.9306760587578418
2025-04-22,11143.0,7597,15487,2552.46,18.54,29.71,4,spring,3.0000000000000027,3.2314107018762916,-1.3879842546443144
2025-04-23,10842.44,8042,15938,2033.88,18.0,29.25,4,spring,-2.9126213592232997,-1.548300235610911,-2.6972987525800907
2025-04-24,11014.08,7465,16329,2444.16,18.33,29.53,4,spring,1.8333333333333313,0.9572649572649583,1.5830385042481243
2025-04-25,11210.76,8245,14886,2244.05,18.18,29.21,4,spring,-0.8183306055646433,-1.083643752116492,1.7857142857142794
2025-04-26,12230.76,8872,16352,2366.52,18.37,28.54,4,spring,1.045104510451056,-2.293735022252663,9.0984018924676
2025-04-27,12305.64,8563,17527,2454.86,18.0,28.81,4,spring,-2.0141535111595,0.9460406447091785,0.6122268771523443
2025-04-28,10922.68,7598,15943,2358.43,18.13,28.83,4,spring,0.7222222222222241,0.06942034015966492,-11.238424007203196
2025-04-29,10971.12,8083,15086,2218.88,18.07,28.45,4,spring,-0.3309431880860414,-1.3180714533472027,0.44348090395398554
2025-04-30,11062.8,7823,15673,2343.54,18.07,29.02,4,spring,0.0,2.003514938488582,0.835648502614128
2025-05-01,11046.24,8272,14494,1745.01,18.5,29.61,5,spring,2.3796347537354823,2.033080634045481,-0.14969085584118913
2025-05-02,10856.8,7759,15916,2450.95,18.65,29.07,5,spring,0.8108108108108025,-1.8237082066869248,-1.7149726965917877
2025-05-03,12074.92,8741,16131,2193.12,18.0,28.51,5,spring,-3.4852546916889993,-1.92638458892328,11.219880627809298
2025-05-04,12010.48,8212,16523,2404.0,18.31,29.78,5,spring,1.722222222222225,4.454577341283761,-0.5336681319627834
2025-05-05,11177.64,8167,14933,2035.54,18.31,29.28,5,spring,0.0,-1.6789791806581578,-6.934277397739308
2025-05-06,10715.6,7150,14969,2060.12,18.46,28.45,5,spring,0.8192244675041094,-2.8346994535519143,-4.133609599164034
2025-05-07,11403.76,7804,16083,2277.6,18.68,29.14,5,spring,1.1917659804983716,2.425307557117762,6.42203889656201
2025-05-08,11235.6,7618,15658,2328.93,18.0,28.7,5,spring,-3.6402569593147693,-1.5099519560741292,-1.474601359551586
2025-05-09,11056.08,8135,14754,2100.28,18.0,28.54,5,spring,0.0,-0.5574912891986084,-1.5977784898002834
2025-05-10,12242.12,8586,18172,2661.21,18.44,29.0,5,spring,2.444444444444449,1.6117729502452827,10.72749111800928
2025-05-11,11945.56,8442,17559,2624.36,18.0,29.29,5,spring,-2.386117136659438,1.0000000000000009,-2.422456241239268
2025-05-12,11044.6,7539,15708,2291.27,18.0,28.69,5,spring,0.0,-2.048480710139977,-7.542216522289447
2025-05-13,11036.04,7571,16502,2464.73,18.0,28.97,5,spring,0.0,0.975949808295562,-0.07750393857631765
2025-05-14,10935.72,7737,15118,2179.66,18.0,29.36,5,spring,0.0,1.3462202278218927,-0.9090217143105872
2025-05-15,11268.88,7697,14844,2359.04,18.33,28.45,5,spring,1.8333333333333313,-3.0994550408719346,3.0465300867249745
2025-05-16,10907.4,7662,16210,2267.22,18.49,29.85,5,spring,0.8728859792689558,4.920913884007039,-3.2077722009640652
2025-05-17,12025.24,8348,17926,2770.73,18.21,28.45,5,spring,-1.5143320713899233,-4.690117252931325,10.248455177219128
2025-05-18,12030.8,8433,16927,2275.3,18.17,29.12,5,spring,-0.21965952773200792,2.3550087873462244,0.04623608343783392
2025-05-19,11147.24,7983,15156,2469.53,18.67,29.09,5,spring,2.7517886626307053,-0.10302197802197766,-7.344150014961592
2025-05-20,10772.96,7985,15543,2380.88,18.68,29.86,5,spring,0.05356186395284457,2.6469577174286663,-3.3576024199712284
2025-05-21,10884.52,7668,15642,2315.16,18.46,29.16,5,spring,-1.1777301927194839,-2.3442732752846585,1.0355556875733418
2025-05-22,10857.2,7910,15095,2198.22,18.71,28.89,5,spring,1.3542795232936111,-0.9259259259259189,-0.25099866599537224
2025-05-23,11098.8,7888,15068,2197.08,18.97,29.02,5,spring,1.3896312132549271,0.4499826929733386,2.225251446045018
2025-05-24,12252.84,9246,17763,2235.49,18.86,29.28,5,spring,-0.579862941486553,0.8959338387319216,10.39788085198401
2025-05-25,12578.84,7996,16250,2476.21,18.72,29.83,5,spring,-0.7423117709438043,1.8784153005464432,2.660607663202974
2025-05-26,11115.96,7659,16015,2187.33,18.78,28.66,5,spring,0.3205128205128416,-3.9222259470331866,-11.629689224125606
2025-05-27,11348.24,7711,15983,2579.67,19.07,28.45,5,spring,1.544195953141636,-0.7327285415212881,2.08960809502734
2025-05-28,11103.84,7632,15149,2109.05,18.59,29.51,5,spring,-2.5170424750917686,3.7258347978910367,-2.1536379209463274
2025-05-29,11009.12,7455,16039,2418.56,18.73,28.8,5,spring,0.7530930607853703,-2.4059640799728887,-0.8530382282165405
2025-05-30,11271.84,8518,15876,2165.53,18.86,29.41,5,spring,0.69407367859049,2.1180555555555536,2.386385106166511
2025-05-31,11833.32,8948,16324,2319.23,19.15,29.24,5,spring,1.5376458112407176,-0.5780346820809301,4.981263041349049
2025-06-01,8123.12,5727,12066,1990.77,19.09,29.47,6,summer,-0.3133159268929431,0.7865937072503382,-31.353838145169743
2025-06-02,7469.32,5000,9945,1525.03,18.36,29.41,6,summer,-3.8239916186485146,-0.2035968781812003,-8.048631560287179
2025-06-03,7631.84,5131,10718,1606.03,18.48,28.76,6,summer,0.6535947712418277,-2.210132607956472,2.1758339447232267
2025-06-04,7314.04,5134,9647,1392.34,18.65,28.45,6,summer,0.9199134199134207,-1.0778859527121099,-4.164133419987848
2025-06-05,7229.24,5190,10736,1489.46,19.12,29.09,6,summer,2.5201072386059176,2.2495606326889295,-1.159413949062349
2025-06-06,7496.0,5003,10322,1580.8,18.96,29.52,6,summer,-0.8368200836820106,1.4781711928497865,3.690014441352063
2025-06-07,7696.6,5331,10188,1284.07,18.71,28.49,6,summer,-1.3185654008438852,-3.4891598915989253,2.6760939167556064
2025-06-08,7969.96,5405,11032,1788.47,18.57,29.46,6,summer,-0.7482629609834368,3.404703404703424,3.5516981524309488
2025-06-09,7327.12,5000,10532,1677.9,19.16,28.95,6,summer,3.1771674744211165,-1.731160896130346,-8.065787030298777
2025-06-10,7345.64,5145,10063,1485.1,19.2,29.31,6,summer,0.20876826722338038,1.2435233160621673,0.2527596108703012
2025-06-11,7350.68,5032,10517,1730.81,19.47,29.21,6,summer,1.4062500000000089,-0.3411804844762778,0.06861212909972103
2025-06-12,7406.68,5596,9915,1291.54,19.06,29.49,6,summer,-2.1058038007190527,0.9585758301951408,0.7618342792775623
2025-06-13,7369.48,5122,9968,1373.3,19.08,28.45,6,summer,0.10493179433368471,-3.526619192946756,-0.502249320883319
2025-06-14,7806.2,5582,11239,1656.14,18.69,29.43,6,summer,-2.0440251572326873,3.4446397188049316,5.926062625856909
2025-06-15,7837.6,5620,12142,1736.3,18.68,28.92,6,summer,-0.05350454788657366,-1.732925586136591,0.4022443698598721
2025-06-16,7578.44,5330,11008,1544.7,19.1,28.65,6,summer,2.248394004282672,-0.9336099585062319,-3.306624476880682
2025-06-17,7392.8,5446,10022,1394.81,19.02,28.45,6,summer,-0.41884816753927634,-0.698080279232105,-2.4495806524825636
2025-06-18,7184.56,5405,9718,1285.06,18.98,28.49,6,summer,-0.2103049421661396,0.14059753954305254,-2.816794719186233
2025-06-19,7358.16,5226,10036,1602.77,18.85,28.45,6,summer,-0.6849315068493067,-0.14040014040013205,2.4162927166033743
2025-06-20,7215.96,5000,10730,1457.1,19.74,29.66,6,summer,4.721485411140569,4.2530755711775114,-1.9325483544799238
2025-06-21,8134.08,5623,10662,1508.91,19.65,28.99,6,summer,-0.455927051671734,-2.2589345920431603,12.723462990371349
2025-06-22,8005.8,5660,10558,1449.75,19.42,29.74,6,summer,-1.1704834605597791,2.5870989996550575,-1.577068334710252
2025-06-23,7463.28,5707,10077,1398.66,19.82,29.03,6,summer,2.0597322348094638,-2.387357094821785,-6.776586974443532
2025-06-24,7425.48,5000,10114,1564.88,19.9,28.56,6,summer,0.4036326942482349,-1.6190148122631864,-0.5064797247322894
2025-06-25,7240.2,5193,10061,1409.72,19.6,29.36,6,summer,-1.5075376884421954,2.801120448179284,-2.495192229997245
2025-06-26,7493.96,5375,11020,1640.34,19.23,28.45,6,summer,-1.8877551020408223,-3.0994550408719346,3.50487555592387
2025-06-27,7298.32,5108,10262,1424.42,19.02,28.71,6,summer,-1.092043681747279,0.9138840070298748,-2.6106357653363554
2025-06-28,8176.0,5941,11042,1597.17,19.77,29.39,6,summer,3.9432176656151396,2.3685127133403094,12.02578127569085
2025-06-29,8046.88,5615,10907,1605.9,19.51,29.52,6,summer,-1.3151239251390945,0.44232732221842763,-1.5792563600782739
2025-06-30,7277.48,5163,10692,1491.02,19.72,28.66,6,summer,1.0763710917478075,-2.9132791327913243,-9.561469787047905
